-- phpMyAdmin SQL Dump
-- version 5.2.1
-- https://www.phpmyadmin.net/
--
-- Host: 127.0.0.1
-- Generation Time: May 16, 2024 at 01:01 AM
-- Server version: 10.4.32-MariaDB
-- PHP Version: 8.2.12

SET SQL_MODE = "NO_AUTO_VALUE_ON_ZERO";
START TRANSACTION;
SET time_zone = "+00:00";


/*!40101 SET @OLD_CHARACTER_SET_CLIENT=@@CHARACTER_SET_CLIENT */;
/*!40101 SET @OLD_CHARACTER_SET_RESULTS=@@CHARACTER_SET_RESULTS */;
/*!40101 SET @OLD_COLLATION_CONNECTION=@@COLLATION_CONNECTION */;
/*!40101 SET NAMES utf8mb4 */;

--
-- Database: `laravel`
--

-- --------------------------------------------------------

--
-- Table structure for table `dezurstva`
--

CREATE TABLE `dezurstva` (
  `id_dezurstva` int(11) NOT NULL,
  `id_predmetne_grupe_u_roku` int(11) NOT NULL,
  `id_nastavnika` int(11) NOT NULL,
  `sala` int(11) NOT NULL,
  `status` enum('b','t','z') NOT NULL
) ENGINE=InnoDB DEFAULT CHARSET=utf8mb4 COLLATE=utf8mb4_general_ci;

--
-- Dumping data for table `dezurstva`
--

INSERT INTO `dezurstva` (`id_dezurstva`, `id_predmetne_grupe_u_roku`, `id_nastavnika`, `sala`, `status`) VALUES
(2, 7, 14, 7, 'b'),
(3, 28, 34, 1, 'z');

-- --------------------------------------------------------

--
-- Table structure for table `drze_se`
--

CREATE TABLE `drze_se` (
  `id` bigint(20) UNSIGNED NOT NULL,
  `created_at` timestamp NULL DEFAULT NULL,
  `updated_at` timestamp NULL DEFAULT NULL,
  `sifra_predmeta` varchar(255) NOT NULL,
  `id_program` int(11) NOT NULL,
  `semestar` int(11) NOT NULL,
  `status` char(1) NOT NULL,
  `min_studenata` int(11) NOT NULL,
  `u_ponudi` tinyint(1) NOT NULL
) ENGINE=InnoDB DEFAULT CHARSET=utf8mb4 COLLATE=utf8mb4_unicode_ci;

--
-- Dumping data for table `drze_se`
--

INSERT INTO `drze_se` (`id`, `created_at`, `updated_at`, `sifra_predmeta`, `id_program`, `semestar`, `status`, `min_studenata`, `u_ponudi`) VALUES
(1, NULL, NULL, '﻿19Е081ММ1', 1, 1, 'O', 30, 1),
(2, NULL, NULL, '19Е071ОЕ1', 1, 1, 'O', 30, 1),
(3, NULL, NULL, '19Е061Ф1', 1, 1, 'O', 30, 1),
(4, NULL, NULL, '19Е111П1', 1, 1, 'O', 30, 1),
(5, NULL, NULL, '13Е061ЛФ', 1, 1, 'O', 30, 1),
(6, NULL, NULL, '19Е111УРА', 1, 1, 'I', 30, 1),
(7, NULL, NULL, '13Е081ПМ1', 1, 1, 'I', 30, 1),
(8, NULL, NULL, '13Е111ПП1', 1, 1, 'I', 30, 1),
(9, NULL, NULL, '13Е091ЕЈ1', 1, 1, 'I', 30, 1),
(10, NULL, NULL, '13Е091РЈ1', 1, 1, 'I', 30, 1),
(11, NULL, NULL, '13Е091НЈ1', 1, 1, 'I', 30, 1),
(12, NULL, NULL, '13Е091ФЈ1', 1, 1, 'I', 30, 1),
(13, NULL, NULL, '13Е071ПЕ1', 1, 1, 'I', 30, 1),
(14, NULL, NULL, '13Е091С', 1, 1, 'I', 30, 1),
(15, NULL, NULL, '19Е081ММ2', 1, 2, 'O', 30, 1),
(16, NULL, NULL, '19Е071ОЕ2', 1, 2, 'O', 30, 1),
(17, NULL, NULL, '19Е111П2', 1, 2, 'O', 30, 1),
(18, NULL, NULL, '13Е071ЛОЕ', 1, 2, 'O', 30, 1),
(19, NULL, NULL, '19Е061Ф2', 1, 2, 'I', 30, 1),
(20, NULL, NULL, '19Е111ОРТ', 1, 2, 'I', 30, 1),
(21, NULL, NULL, '13Е081ПМ2', 1, 2, 'I', 30, 1),
(22, NULL, NULL, '13Е111ПП2', 1, 2, 'I', 30, 1),
(23, NULL, NULL, '13Е091ЕЈ2', 1, 2, 'I', 30, 1),
(24, NULL, NULL, '13Е091РЈ2', 1, 2, 'I', 30, 1),
(25, NULL, NULL, '13Е091НЈ2', 1, 2, 'I', 30, 1),
(26, NULL, NULL, '13Е091ФЈ2', 1, 2, 'I', 30, 1),
(27, NULL, NULL, '13Е071ПЕ2', 1, 2, 'I', 30, 1),
(28, NULL, NULL, '13Е091УМ', 1, 2, 'I', 30, 1),
(29, NULL, NULL, '19Е041УЕД', 1, 2, 'I', 30, 1),
(30, NULL, NULL, '13Е061ПФ2', 1, 2, 'I', 30, 1),
(31, NULL, NULL, '19Е011УЕГ', 1, 2, 'I', 30, 1),
(32, NULL, NULL, '19Е03ПУК', 1, 2, 'I', 30, 1),
(33, NULL, NULL, '13С081М1', 2, 1, 'O', 30, 1),
(34, NULL, NULL, '13С041ОЕ', 2, 1, 'O', 30, 1),
(35, NULL, NULL, '13С061Ф', 2, 1, 'O', 30, 1),
(36, NULL, NULL, '13С111П1', 2, 1, 'O', 30, 1),
(37, NULL, NULL, '13С111ПП1', 2, 1, 'O', 30, 1),
(38, NULL, NULL, '13С091ЕЈН', 2, 1, 'I', 30, 1),
(39, NULL, NULL, '13С091ЕЈВ3', 2, 1, 'I', 30, 1),
(40, NULL, NULL, '13С111ПКР', 2, 1, 'O', 30, 1),
(41, NULL, NULL, '13С081ПМ1', 2, 1, 'O', 30, 1),
(42, NULL, NULL, '13С091С', 2, 1, 'O', 30, 1),
(43, NULL, NULL, '13С081М2', 2, 2, 'O', 30, 1),
(44, NULL, NULL, '13С111АСП1', 2, 2, 'O', 30, 1),
(45, NULL, NULL, '13С111ОРТ1', 2, 2, 'O', 30, 1),
(46, NULL, NULL, '13С111П2', 2, 2, 'O', 30, 1),
(47, NULL, NULL, '13С111ПП2', 2, 2, 'O', 30, 1),
(48, NULL, NULL, '13С091ЕЈВ', 2, 2, 'I', 30, 1),
(49, NULL, NULL, '13С091НЈН', 2, 2, 'I', 30, 1),
(50, NULL, NULL, '13С091НЈВ', 2, 2, 'I', 30, 1),
(51, NULL, NULL, '13С091РЈН', 2, 2, 'I', 30, 1),
(52, NULL, NULL, '13С091РЈВ', 2, 2, 'I', 30, 1),
(53, NULL, NULL, '13С091ФЈН', 2, 2, 'I', 30, 1),
(54, NULL, NULL, '13С091ФЈВ', 2, 2, 'I', 30, 1),
(55, NULL, NULL, '13С111ПОРТ', 2, 2, 'O', 30, 1),
(56, NULL, NULL, '13С081ПМ2', 2, 2, 'I', 30, 1),
(57, NULL, NULL, '13С111ППК', 2, 2, 'I', 30, 1),
(58, NULL, NULL, '13С091УМ', 2, 2, 'I', 30, 1),
(59, NULL, NULL, '13С111РМФП', 2, 2, 'I', 30, 1),
(60, NULL, NULL, '13Е112АСП', 3, 3, 'O', 20, 1),
(61, NULL, NULL, '13Е082НАД', 3, 3, 'O', 20, 1),
(62, NULL, NULL, '13E112ОО1', 3, 3, 'O', 20, 1),
(63, NULL, NULL, '13E112ОРТ2', 3, 3, 'O', 20, 1),
(64, NULL, NULL, '13E052СИСР', 3, 3, 'O', 20, 1),
(65, NULL, NULL, '13E112АР', 3, 4, 'O', 20, 1),
(66, NULL, NULL, '13E112ОО2', 3, 4, 'O', 20, 1),
(67, NULL, NULL, '13E112ОС1', 3, 4, 'O', 20, 1),
(68, NULL, NULL, '13E112РМ1', 3, 4, 'O', 20, 1),
(69, NULL, NULL, '13E082ВС', 3, 4, 'I', 20, 1),
(70, NULL, NULL, '13E082ВИСР', 3, 4, 'I', 20, 1),
(71, NULL, NULL, '13E112ПОС', 3, 4, 'I', 20, 1),
(72, NULL, NULL, '13E092ЕЈ4', 3, 4, 'I', 20, 1),
(73, NULL, NULL, '13E092РЈ4', 3, 4, 'I', 20, 1),
(74, NULL, NULL, '13E092НЈ4', 3, 4, 'I', 20, 1),
(75, NULL, NULL, '13E092ФЈ4', 3, 4, 'I', 20, 1);

-- --------------------------------------------------------

--
-- Table structure for table `failed_jobs`
--

CREATE TABLE `failed_jobs` (
  `id` bigint(20) UNSIGNED NOT NULL,
  `uuid` varchar(255) NOT NULL,
  `connection` text NOT NULL,
  `queue` text NOT NULL,
  `payload` longtext NOT NULL,
  `exception` longtext NOT NULL,
  `failed_at` timestamp NOT NULL DEFAULT current_timestamp()
) ENGINE=InnoDB DEFAULT CHARSET=utf8mb4 COLLATE=utf8mb4_unicode_ci;

-- --------------------------------------------------------

--
-- Table structure for table `grupe_predmetnih_grupa_u_roku`
--

CREATE TABLE `grupe_predmetnih_grupa_u_roku` (
  `id` int(11) NOT NULL,
  `id_rok` int(11) NOT NULL,
  `sifra_predmeta` varchar(255) CHARACTER SET utf8mb4 COLLATE utf8mb4_unicode_ci NOT NULL,
  `id_predmetnih_obaveza` varchar(255) CHARACTER SET utf8mb4 COLLATE utf8mb4_unicode_ci NOT NULL,
  `datum` date NOT NULL,
  `vreme` time DEFAULT '00:00:00',
  `poruka` mediumtext CHARACTER SET utf8mb4 COLLATE utf8mb4_unicode_ci DEFAULT NULL
) ENGINE=InnoDB DEFAULT CHARSET=utf8mb4 COLLATE=utf8mb4_general_ci;

--
-- Dumping data for table `grupe_predmetnih_grupa_u_roku`
--

INSERT INTO `grupe_predmetnih_grupa_u_roku` (`id`, `id_rok`, `sifra_predmeta`, `id_predmetnih_obaveza`, `datum`, `vreme`, `poruka`) VALUES
(1, 5, '13С111АСП1', '19;23;27', '2024-01-18', '15:00:00', ''),
(2, 5, '13С111АСП1', '19;23', '2024-01-18', '15:00:00', ''),
(3, 5, '13С111АСП1', '19;27', '2024-01-18', '15:00:00', ''),
(4, 5, '13С111АСП1', '23;27', '2024-01-18', '15:00:00', ''),
(5, 2, '13С111АСП1', '19;23;27', '2024-01-18', '15:00:00', ''),
(7, 2, '13С111П1', '130;132;134', '2024-01-19', '15:00:00', ''),
(8, 2, '13С111П1', '130;132', '2024-01-19', '15:00:00', ''),
(9, 2, '13С111П1', '130;134', '2024-01-19', '15:00:00', ''),
(10, 2, '13С111П1', '132;134', '2024-01-19', '15:00:00', '');

-- --------------------------------------------------------

--
-- Table structure for table `grupe_za_biranje_predmeta`
--

CREATE TABLE `grupe_za_biranje_predmeta` (
  `id` bigint(20) UNSIGNED NOT NULL,
  `naziv` varchar(255) NOT NULL,
  `natgrupa` int(20) UNSIGNED DEFAULT NULL,
  `semestar_grupe` int(11) NOT NULL,
  `min` int(11) NOT NULL,
  `maks` int(11) NOT NULL,
  `poruka` varchar(255) NOT NULL
) ENGINE=InnoDB DEFAULT CHARSET=utf8mb4 COLLATE=utf8mb4_unicode_ci;

--
-- Dumping data for table `grupe_za_biranje_predmeta`
--

INSERT INTO `grupe_za_biranje_predmeta` (`id`, `naziv`, `natgrupa`, `semestar_grupe`, `min`, `maks`, `poruka`) VALUES
(1, 'ЕР - Изборни прва година - зимски', NULL, 1, 2, 4, 'Бирају се један или два изборна предмета'),
(2, 'ЕР - Страни језик', 1, 1, 0, 2, 'Бира се највише 1 страни језик'),
(3, 'ЕР - ОРТ/Физика', NULL, 2, 6, 12, 'Бира се најмање један предмет'),
(4, 'ЕР - Изборни прва година - летњи', NULL, 2, 4, 6, 'Бирају се предмети до 60 кредита'),
(5, 'СИ - Страни језик - први семестар', NULL, 1, 3, 3, 'Бира се нижи или виши курс енглеског језика'),
(6, 'СИ - Изборни прва година - зимски', NULL, 1, 4, 4, 'Бирају се два од следећа 3 предмета'),
(7, 'СИ - Страни језик - други семестар', NULL, 2, 2, 2, 'Бира се један страни језик'),
(8, 'СИ - Изборни прва година - летњи', NULL, 2, 2, 2, 'Бира се један од следећих предмета'),
(9, 'ИР2 - Изборни', NULL, 4, 0, 6, 'Бира се највише 6 кредита из ове групе предмета'),
(10, 'ИР2 - Веровратноћа', NULL, 4, 0, 6, 'Бира се највише један предмет из ове групе предмета'),
(11, 'ЕР - Страни језик', 4, 2, 0, 2, 'Бира се највише 1 страни језик'),
(12, 'ИР2 - Страни језик', 9, 4, 0, 2, 'Бира се највише 1 страни језик');

-- --------------------------------------------------------

--
-- Table structure for table `grupe_za_predmete`
--

CREATE TABLE `grupe_za_predmete` (
  `id` bigint(20) UNSIGNED NOT NULL,
  `created_at` timestamp NULL DEFAULT NULL,
  `updated_at` timestamp NULL DEFAULT NULL,
  `id_predmeta` varchar(255) NOT NULL,
  `tip` varchar(255) NOT NULL,
  `broj` int(11) NOT NULL,
  `id_sk` int(11) NOT NULL
) ENGINE=InnoDB DEFAULT CHARSET=utf8mb4 COLLATE=utf8mb4_unicode_ci;

--
-- Dumping data for table `grupe_za_predmete`
--

INSERT INTO `grupe_za_predmete` (`id`, `created_at`, `updated_at`, `id_predmeta`, `tip`, `broj`, `id_sk`) VALUES
(1, '0000-00-00 00:00:00', '0000-00-00 00:00:00', '﻿19Е081ММ1', 'П', 2, 4),
(2, '0000-00-00 00:00:00', '0000-00-00 00:00:00', '19Е081ММ1', 'П', 3, 4),
(3, '0000-00-00 00:00:00', '0000-00-00 00:00:00', '19Е081ММ1', 'В', 1, 4),
(4, '0000-00-00 00:00:00', '0000-00-00 00:00:00', '19Е081ММ1', 'В', 2, 4),
(5, '0000-00-00 00:00:00', '0000-00-00 00:00:00', '19Е081ММ1', 'В', 3, 4),
(6, '0000-00-00 00:00:00', '0000-00-00 00:00:00', '19Е081ММ1', 'В', 4, 4),
(7, '0000-00-00 00:00:00', '0000-00-00 00:00:00', '19Е081ММ1', 'В', 5, 4),
(8, '0000-00-00 00:00:00', '0000-00-00 00:00:00', '19Е081ММ1', 'В', 6, 4),
(9, '0000-00-00 00:00:00', '0000-00-00 00:00:00', '19Е071ОЕ1', 'П', 1, 4),
(10, '0000-00-00 00:00:00', '0000-00-00 00:00:00', '19Е071ОЕ1', 'П', 2, 4),
(11, '0000-00-00 00:00:00', '0000-00-00 00:00:00', '19Е071ОЕ1', 'П', 3, 4),
(12, '0000-00-00 00:00:00', '0000-00-00 00:00:00', '19Е071ОЕ1', 'В', 1, 4),
(13, '0000-00-00 00:00:00', '0000-00-00 00:00:00', '19Е071ОЕ1', 'В', 2, 4),
(14, '0000-00-00 00:00:00', '0000-00-00 00:00:00', '19Е071ОЕ1', 'В', 3, 4),
(15, '0000-00-00 00:00:00', '0000-00-00 00:00:00', '19Е071ОЕ1', 'В', 4, 4),
(16, '0000-00-00 00:00:00', '0000-00-00 00:00:00', '19Е071ОЕ1', 'В', 5, 4),
(17, '0000-00-00 00:00:00', '0000-00-00 00:00:00', '19Е071ОЕ1', 'В', 6, 4),
(18, '0000-00-00 00:00:00', '0000-00-00 00:00:00', '19Е061Ф1', 'П', 1, 4),
(19, '0000-00-00 00:00:00', '0000-00-00 00:00:00', '19Е061Ф1', 'П', 2, 4),
(20, '0000-00-00 00:00:00', '0000-00-00 00:00:00', '19Е061Ф1', 'П', 3, 4),
(21, '0000-00-00 00:00:00', '0000-00-00 00:00:00', '19Е061Ф1', 'В', 1, 4),
(22, '0000-00-00 00:00:00', '0000-00-00 00:00:00', '19Е061Ф1', 'В', 2, 4),
(23, '0000-00-00 00:00:00', '0000-00-00 00:00:00', '19Е061Ф1', 'В', 3, 4),
(24, '0000-00-00 00:00:00', '0000-00-00 00:00:00', '19Е061Ф1', 'В', 4, 4),
(25, '0000-00-00 00:00:00', '0000-00-00 00:00:00', '19Е061Ф1', 'В', 5, 4),
(26, '0000-00-00 00:00:00', '0000-00-00 00:00:00', '19Е061Ф1', 'В', 6, 4),
(27, '0000-00-00 00:00:00', '0000-00-00 00:00:00', '19Е111П1', 'П', 1, 4),
(28, '0000-00-00 00:00:00', '0000-00-00 00:00:00', '19Е111П1', 'П', 2, 4),
(29, '0000-00-00 00:00:00', '0000-00-00 00:00:00', '19Е111П1', 'П', 3, 4),
(30, '0000-00-00 00:00:00', '0000-00-00 00:00:00', '19Е111П1', 'В', 1, 4),
(31, '0000-00-00 00:00:00', '0000-00-00 00:00:00', '19Е111П1', 'В', 2, 4),
(32, '0000-00-00 00:00:00', '0000-00-00 00:00:00', '19Е111П1', 'В', 3, 4),
(33, '0000-00-00 00:00:00', '0000-00-00 00:00:00', '19Е111П1', 'В', 4, 4),
(34, '0000-00-00 00:00:00', '0000-00-00 00:00:00', '19Е111П1', 'В', 5, 4),
(35, '0000-00-00 00:00:00', '0000-00-00 00:00:00', '19Е111П1', 'В', 6, 4),
(36, '0000-00-00 00:00:00', '0000-00-00 00:00:00', '13Е061ЛФ', 'П', 1, 4),
(37, '0000-00-00 00:00:00', '0000-00-00 00:00:00', '13Е061ЛФ', 'Л', 1, 4),
(38, '0000-00-00 00:00:00', '0000-00-00 00:00:00', '19Е111УРА', 'П', 1, 4),
(39, '0000-00-00 00:00:00', '0000-00-00 00:00:00', '19Е111УРА', 'Л', 1, 4),
(40, '0000-00-00 00:00:00', '0000-00-00 00:00:00', '13Е081ПМ1', 'П', 1, 4),
(41, '0000-00-00 00:00:00', '0000-00-00 00:00:00', '13Е081ПМ1', 'П', 2, 4),
(42, '0000-00-00 00:00:00', '0000-00-00 00:00:00', '13Е081ПМ1', 'П', 3, 4),
(43, '0000-00-00 00:00:00', '0000-00-00 00:00:00', '13Е081ПМ1', 'В', 1, 4),
(44, '0000-00-00 00:00:00', '0000-00-00 00:00:00', '13Е081ПМ1', 'В', 2, 4),
(45, '0000-00-00 00:00:00', '0000-00-00 00:00:00', '13Е081ПМ1', 'В', 3, 4),
(46, '0000-00-00 00:00:00', '0000-00-00 00:00:00', '13Е111ПП1', 'П', 1, 4),
(47, '0000-00-00 00:00:00', '0000-00-00 00:00:00', '13Е111ПП1', 'Л', 1, 4),
(48, '0000-00-00 00:00:00', '0000-00-00 00:00:00', '13Е091ЕЈ1', 'П', 1, 4),
(49, '0000-00-00 00:00:00', '0000-00-00 00:00:00', '13Е091РЈ1', 'П', 1, 4),
(50, '0000-00-00 00:00:00', '0000-00-00 00:00:00', '13Е091НЈ1', 'П', 1, 4),
(51, '0000-00-00 00:00:00', '0000-00-00 00:00:00', '13Е091ФЈ1', 'П', 1, 4),
(52, '0000-00-00 00:00:00', '0000-00-00 00:00:00', '13Е091С', 'П', 1, 4),
(53, '0000-00-00 00:00:00', '0000-00-00 00:00:00', '13Е071ПЕ1', 'П', 1, 4),
(54, '0000-00-00 00:00:00', '0000-00-00 00:00:00', '13Е071ПЕ1', 'В', 1, 4),
(55, '0000-00-00 00:00:00', '0000-00-00 00:00:00', '19Е081ММ2', 'П', 1, 4),
(56, '0000-00-00 00:00:00', '0000-00-00 00:00:00', '19Е081ММ2', 'П', 2, 4),
(57, '0000-00-00 00:00:00', '0000-00-00 00:00:00', '19Е081ММ2', 'П', 3, 4),
(58, '0000-00-00 00:00:00', '0000-00-00 00:00:00', '19Е081ММ2', 'В', 1, 4),
(59, '0000-00-00 00:00:00', '0000-00-00 00:00:00', '19Е081ММ2', 'В', 2, 4),
(60, '0000-00-00 00:00:00', '0000-00-00 00:00:00', '19Е081ММ2', 'В', 3, 4),
(61, '0000-00-00 00:00:00', '0000-00-00 00:00:00', '19Е081ММ2', 'В', 4, 4),
(62, '0000-00-00 00:00:00', '0000-00-00 00:00:00', '19Е081ММ2', 'В', 5, 4),
(63, '0000-00-00 00:00:00', '0000-00-00 00:00:00', '19Е081ММ2', 'В', 6, 4),
(64, '0000-00-00 00:00:00', '0000-00-00 00:00:00', '19Е071ОЕ2', 'П', 1, 4),
(65, '0000-00-00 00:00:00', '0000-00-00 00:00:00', '19Е071ОЕ2', 'П', 2, 4),
(66, '0000-00-00 00:00:00', '0000-00-00 00:00:00', '19Е071ОЕ2', 'П', 3, 4),
(67, '0000-00-00 00:00:00', '0000-00-00 00:00:00', '19Е071ОЕ2', 'В', 1, 4),
(68, '0000-00-00 00:00:00', '0000-00-00 00:00:00', '19Е071ОЕ2', 'В', 2, 4),
(69, '0000-00-00 00:00:00', '0000-00-00 00:00:00', '19Е071ОЕ2', 'В', 3, 4),
(70, '0000-00-00 00:00:00', '0000-00-00 00:00:00', '19Е071ОЕ2', 'В', 4, 4),
(71, '0000-00-00 00:00:00', '0000-00-00 00:00:00', '19Е071ОЕ2', 'В', 5, 4),
(72, '0000-00-00 00:00:00', '0000-00-00 00:00:00', '19Е071ОЕ2', 'В', 6, 4),
(73, '0000-00-00 00:00:00', '0000-00-00 00:00:00', '19Е111П2', 'П', 1, 4),
(74, '0000-00-00 00:00:00', '0000-00-00 00:00:00', '19Е111П2', 'П', 2, 4),
(75, '0000-00-00 00:00:00', '0000-00-00 00:00:00', '19Е111П2', 'П', 3, 4),
(76, '0000-00-00 00:00:00', '0000-00-00 00:00:00', '19Е111П2', 'В', 1, 4),
(77, '0000-00-00 00:00:00', '0000-00-00 00:00:00', '19Е111П2', 'В', 2, 4),
(78, '0000-00-00 00:00:00', '0000-00-00 00:00:00', '19Е111П2', 'В', 3, 4),
(79, '0000-00-00 00:00:00', '0000-00-00 00:00:00', '19Е111П2', 'В', 4, 4),
(80, '0000-00-00 00:00:00', '0000-00-00 00:00:00', '19Е111П2', 'В', 5, 4),
(81, '0000-00-00 00:00:00', '0000-00-00 00:00:00', '19Е111П2', 'В', 6, 4),
(82, '0000-00-00 00:00:00', '0000-00-00 00:00:00', '13Е071ЛОЕ', 'П', 1, 4),
(83, '0000-00-00 00:00:00', '0000-00-00 00:00:00', '13Е071ЛОЕ', 'П', 2, 4),
(84, '0000-00-00 00:00:00', '0000-00-00 00:00:00', '13Е071ЛОЕ', 'П', 3, 4),
(85, '0000-00-00 00:00:00', '0000-00-00 00:00:00', '13Е071ЛОЕ', 'Л', 1, 4),
(86, '0000-00-00 00:00:00', '0000-00-00 00:00:00', '19Е061Ф2', 'П', 1, 4),
(87, '0000-00-00 00:00:00', '0000-00-00 00:00:00', '19Е061Ф2', 'В', 1, 4),
(88, '0000-00-00 00:00:00', '0000-00-00 00:00:00', '19Е111ОРТ', 'П', 1, 4),
(89, '0000-00-00 00:00:00', '0000-00-00 00:00:00', '19Е111ОРТ', 'П', 2, 4),
(90, '0000-00-00 00:00:00', '0000-00-00 00:00:00', '19Е111ОРТ', 'П', 3, 4),
(91, '0000-00-00 00:00:00', '0000-00-00 00:00:00', '19Е111ОРТ', 'В', 1, 4),
(92, '0000-00-00 00:00:00', '0000-00-00 00:00:00', '19Е111ОРТ', 'В', 2, 4),
(93, '0000-00-00 00:00:00', '0000-00-00 00:00:00', '19Е111ОРТ', 'В', 3, 4),
(94, '0000-00-00 00:00:00', '0000-00-00 00:00:00', '19Е111ОРТ', 'В', 4, 4),
(95, '0000-00-00 00:00:00', '0000-00-00 00:00:00', '19Е111ОРТ', 'В', 5, 4),
(96, '0000-00-00 00:00:00', '0000-00-00 00:00:00', '13Е081ПМ2', 'П', 1, 4),
(97, '0000-00-00 00:00:00', '0000-00-00 00:00:00', '13Е081ПМ2', 'В', 1, 4),
(98, '0000-00-00 00:00:00', '0000-00-00 00:00:00', '13Е111ПП2', 'П', 1, 4),
(99, '0000-00-00 00:00:00', '0000-00-00 00:00:00', '13Е111ПП2', 'Л', 1, 4),
(100, '0000-00-00 00:00:00', '0000-00-00 00:00:00', '13Е091ЕЈ2', 'П', 1, 4),
(101, '0000-00-00 00:00:00', '0000-00-00 00:00:00', '13Е091РЈ2', 'П', 1, 4),
(102, '0000-00-00 00:00:00', '0000-00-00 00:00:00', '13Е091НЈ2', 'П', 1, 4),
(103, '0000-00-00 00:00:00', '0000-00-00 00:00:00', '13Е091ФЈ2', 'П', 1, 4),
(104, '0000-00-00 00:00:00', '0000-00-00 00:00:00', '13Е071ПЕ2', 'П', 1, 4),
(105, '0000-00-00 00:00:00', '0000-00-00 00:00:00', '13Е071ПЕ2', 'В', 1, 4),
(106, '0000-00-00 00:00:00', '0000-00-00 00:00:00', '13Е091УМ', 'П', 1, 4),
(107, '0000-00-00 00:00:00', '0000-00-00 00:00:00', '19Е041УЕД', 'П', 1, 4),
(108, '0000-00-00 00:00:00', '0000-00-00 00:00:00', '19Е041УЕД', 'Л', 1, 4),
(109, '0000-00-00 00:00:00', '0000-00-00 00:00:00', '13Е061ПФ2', 'П', 1, 4),
(110, '0000-00-00 00:00:00', '0000-00-00 00:00:00', '13Е061ПФ2', 'Л', 1, 4),
(111, '0000-00-00 00:00:00', '0000-00-00 00:00:00', '19Е011УЕГ', 'П', 1, 4),
(112, '0000-00-00 00:00:00', '0000-00-00 00:00:00', '19Е011УЕГ', 'Л', 1, 4),
(113, '0000-00-00 00:00:00', '0000-00-00 00:00:00', '19Е03ПУК', 'П', 1, 4),
(114, '0000-00-00 00:00:00', '0000-00-00 00:00:00', '19Е03ПУК', 'Л', 1, 4),
(115, '0000-00-00 00:00:00', '0000-00-00 00:00:00', '19Е081ММ1', 'П', 1, 4),
(116, '0000-00-00 00:00:00', '0000-00-00 00:00:00', '19Е111П1', 'Л', 1, 4),
(117, NULL, NULL, '19Е111П2', 'Л', 1, 4),
(119, NULL, NULL, '13С111П1', 'П', 1, 4),
(120, NULL, NULL, '13С111П1', 'П', 2, 4),
(121, NULL, NULL, '13С111П1', 'П', 3, 4),
(122, NULL, NULL, '13С111П1', 'П', 4, 4),
(123, NULL, NULL, '13С111П1', 'В', 1, 4),
(124, NULL, NULL, '13С111П1', 'В', 2, 4),
(125, NULL, NULL, '13С111П1', 'В', 3, 4),
(126, NULL, NULL, '13С111П1', 'В', 4, 4),
(128, NULL, NULL, '13С111АСП1', 'П', 1, 4),
(129, NULL, NULL, '13С111АСП1', 'П', 2, 4),
(130, NULL, NULL, '13С111АСП1', 'П', 3, 4),
(131, NULL, NULL, '13С111АСП1', 'П', 4, 4),
(132, NULL, NULL, '13С111АСП1', 'В', 1, 4),
(133, NULL, NULL, '13С111АСП1', 'В', 2, 4),
(134, NULL, NULL, '13С111АСП1', 'В', 3, 4),
(135, NULL, NULL, '13С111АСП1', 'В', 4, 4),
(136, NULL, NULL, '13С111АСП1', 'Л', 1, 4),
(137, NULL, NULL, '13E112ОО1', 'П', 1, 4),
(138, NULL, NULL, '13E112ОО1', 'П', 2, 4),
(141, NULL, NULL, '13E112ОО1', 'П', 3, 4),
(142, NULL, NULL, '13E112ОО1', 'В', 1, 4),
(143, NULL, NULL, '13E112ОО1', 'В', 2, 4),
(144, NULL, NULL, '13E112ОО1', 'В', 3, 4),
(145, NULL, NULL, '13E112ОО1', 'Л', 1, 4),
(146, NULL, NULL, '13С111ОРТ1', 'П', 1, 4),
(148, NULL, NULL, '13С111ОРТ1', 'П', 2, 4),
(149, NULL, NULL, '13С111ОРТ1', 'П', 3, 4),
(150, NULL, NULL, '13С111ОРТ1', 'П', 4, 4),
(151, NULL, NULL, '13С111ОРТ1', 'В', 1, 4),
(152, NULL, NULL, '13С111ОРТ1', 'В', 2, 4),
(153, NULL, NULL, '13С111ОРТ1', 'В', 3, 4),
(154, NULL, NULL, '13С111ОРТ1', 'В', 4, 4),
(156, NULL, NULL, '13С111ПП1', 'Л', 1, 4),
(157, NULL, NULL, '13С111ПП1', 'П', 1, 4),
(158, NULL, NULL, '13С111ПКР', 'П', 1, 4),
(159, NULL, NULL, '13С111ПКР', 'П', 2, 4),
(160, NULL, NULL, '13С111ПКР', 'П', 3, 4),
(161, NULL, NULL, '13С111ПКР', 'Л', 1, 4),
(162, NULL, NULL, '13С111ПП2', 'П', 1, 4),
(163, NULL, NULL, '13С111ПП2', 'Л', 1, 4),
(164, NULL, NULL, '13Е111ПП2', 'Л', 2, 4),
(165, NULL, NULL, '13С111ПП2', 'Л', 2, 4),
(166, NULL, NULL, '13С111ПОРТ', 'П', 1, 4),
(167, NULL, NULL, '13С111ПОРТ', 'Л', 1, 4),
(168, NULL, NULL, '13С111П2', 'П', 1, 4),
(169, NULL, NULL, '13С111П2', 'П', 2, 4),
(170, NULL, NULL, '13С111П2', 'П', 3, 4),
(171, NULL, NULL, '13С111П2', 'П', 4, 4),
(172, NULL, NULL, '13С111П2', 'В', 1, 4),
(173, NULL, NULL, '13С111П2', 'В', 2, 4),
(174, NULL, NULL, '13С111П2', 'В', 3, 4),
(175, NULL, NULL, '13С111П2', 'В', 4, 4),
(176, NULL, NULL, '13С111ППК', 'П', 1, 4),
(177, NULL, NULL, '13С111ППК', 'П', 2, 4),
(178, NULL, NULL, '13С111ППК', 'В', 1, 4),
(179, NULL, NULL, '13С111ППК', 'Л', 1, 4),
(180, NULL, NULL, '13E112АР', 'П', 1, 4),
(181, NULL, NULL, '13E112АР', 'В', 1, 4),
(182, NULL, NULL, '13E112АР', 'В', 2, 4),
(183, NULL, NULL, '13E112АР', 'Л', 1, 4),
(184, NULL, NULL, '13E112ОРТ2', 'П', 1, 4),
(185, NULL, NULL, '13E112ОРТ2', 'В', 1, 4),
(186, NULL, NULL, '13E112ОРТ2', 'В', 2, 4),
(187, NULL, NULL, '13E112ОРТ2', 'Л', 1, 4),
(188, NULL, NULL, '13С041ОЕ', 'П', 1, 4),
(189, NULL, NULL, '13С041ОЕ', 'П', 2, 4),
(190, NULL, NULL, '13С041ОЕ', 'П', 3, 4),
(191, NULL, NULL, '13С041ОЕ', 'П', 4, 4),
(192, NULL, NULL, '13С041ОЕ', 'В', 1, 4),
(193, NULL, NULL, '13С041ОЕ', 'В', 2, 4),
(194, NULL, NULL, '13С041ОЕ', 'В', 3, 4),
(195, NULL, NULL, '13С041ОЕ', 'В', 4, 4),
(196, NULL, NULL, '13С041ОЕ', 'Л', 1, 4),
(197, NULL, NULL, '13E082ВИСР', 'П', 1, 4),
(198, NULL, NULL, '13E082ВИСР', 'В', 1, 4),
(199, NULL, NULL, '13E082ВИСР', 'Л', 1, 4),
(200, NULL, NULL, '13E082ВС', 'П', 1, 4),
(201, NULL, NULL, '13E082ВС', 'В', 1, 4),
(202, NULL, NULL, '13E082ВС', 'Л', 1, 4),
(203, NULL, NULL, '13Е082НАД', 'П', 1, 4),
(204, NULL, NULL, '13Е082НАД', 'П', 2, 4),
(205, NULL, NULL, '13Е082НАД', 'В', 1, 4),
(206, NULL, NULL, '13Е082НАД', 'В', 2, 4),
(207, NULL, NULL, '13Е082НАД', 'Л', 1, 4),
(208, NULL, NULL, '13E112ОРТ2', 'П', 1, 5),
(209, NULL, NULL, '13E112ОРТ2', 'В', 1, 5),
(210, NULL, NULL, '13E112ОРТ2', 'В', 2, 5),
(211, NULL, NULL, '13E112ОРТ2', 'Л', 1, 5),
(212, NULL, NULL, '13С081М2', 'П', 1, 4),
(213, NULL, NULL, '13С081М2', 'П', 2, 4),
(214, NULL, NULL, '13С081М2', 'П', 3, 4),
(215, NULL, NULL, '13С081М2', 'П', 4, 4),
(216, NULL, NULL, '13С081М2', 'В', 1, 4),
(217, NULL, NULL, '13С081М2', 'В', 2, 4),
(218, NULL, NULL, '13С081М2', 'В', 3, 4),
(219, NULL, NULL, '13С081М2', 'В', 4, 4),
(220, NULL, NULL, '13С081ПМ2', 'П', 1, 4),
(221, NULL, NULL, '13С081ПМ2', 'П', 2, 4),
(222, NULL, NULL, '13С081ПМ2', 'В', 1, 4),
(223, NULL, NULL, '13С081ПМ2', 'В', 2, 4),
(224, NULL, NULL, '13E112ОС1', 'П', 1, 4),
(225, NULL, NULL, '13E112ОС1', 'П', 2, 4),
(226, NULL, NULL, '13E112ОС1', 'В', 1, 4),
(227, NULL, NULL, '13E112ОС1', 'В', 2, 4),
(228, NULL, NULL, '13E112ОС1', 'В', 3, 4),
(229, NULL, NULL, '13E112ОС1', 'Л', 1, 4),
(230, NULL, NULL, '13E112ОО2', 'П', 1, 4),
(231, NULL, NULL, '13E112ОО2', 'В', 1, 4),
(232, NULL, NULL, '13E112ОО2', 'В', 2, 4),
(233, NULL, NULL, '13E112ОО2', 'Л', 1, 4),
(234, NULL, NULL, '13E112ПОС', 'П', 1, 4),
(235, NULL, NULL, '13E112ПОС', 'В', 1, 4),
(236, NULL, NULL, '13E112ПОС', 'Л', 1, 4),
(237, NULL, NULL, '13E112РМ1', 'П', 1, 4),
(238, NULL, NULL, '13E112РМ1', 'В', 2, 4),
(239, NULL, NULL, '13E112РМ1', 'В', 1, 4),
(240, NULL, NULL, '13E112РМ1', 'Л', 1, 4);

-- --------------------------------------------------------

--
-- Table structure for table `ispitne_prijave`
--

CREATE TABLE `ispitne_prijave` (
  `id` bigint(20) UNSIGNED NOT NULL,
  `created_at` timestamp NULL DEFAULT NULL,
  `updated_at` timestamp NULL DEFAULT NULL,
  `id_upis` int(11) NOT NULL,
  `id_grupe_u_roku` int(11) NOT NULL,
  `grupa_obaveza` tinyint(1) NOT NULL DEFAULT 0,
  `sifra_predmet` varchar(20) NOT NULL,
  `cena` double DEFAULT NULL,
  `sala` int(11) DEFAULT NULL,
  `broj_poena` int(11) DEFAULT NULL,
  `ocena` int(11) DEFAULT NULL,
  `potvrda_izlaska` tinyint(1) NOT NULL DEFAULT 0,
  `potpisao` int(20) DEFAULT NULL,
  `zakljucana` tinyint(4) NOT NULL DEFAULT 0,
  `prisustvo` enum('NI','I') NOT NULL
) ENGINE=InnoDB DEFAULT CHARSET=utf8mb4 COLLATE=utf8mb4_unicode_ci;

--
-- Dumping data for table `ispitne_prijave`
--

INSERT INTO `ispitne_prijave` (`id`, `created_at`, `updated_at`, `id_upis`, `id_grupe_u_roku`, `grupa_obaveza`, `sifra_predmet`, `cena`, `sala`, `broj_poena`, `ocena`, `potvrda_izlaska`, `potpisao`, `zakljucana`, `prisustvo`) VALUES
(28, '2023-07-09 20:13:59', '2023-07-09 20:13:59', 6, 19, 0, '﻿19Е081ММ1', 0, 5, NULL, 6, 0, NULL, 1, 'I'),
(29, '2023-07-09 20:15:37', '2023-07-09 20:15:37', 6, 30, 0, '﻿19Е081ММ1', 0, 2, 18, NULL, 0, NULL, 1, 'NI'),
(30, '2023-07-09 20:23:42', '2023-07-09 20:23:42', 7, 21, 0, '﻿19Е081ММ1', 0, 1, NULL, 3, 0, NULL, 0, 'NI'),
(31, '2023-07-09 20:23:49', '2023-07-09 20:23:49', 7, 29, 0, '﻿19Е081ММ1', 0, 6, NULL, NULL, 0, NULL, 0, 'NI'),
(45, '2023-11-13 17:54:24', '2023-11-13 17:54:24', 1, 38, 0, '19Е071ОЕ2', 0, NULL, NULL, 3, 0, 5, 1, 'NI'),
(49, '2023-11-13 17:55:10', '2023-11-13 17:55:10', 1, 39, 0, '19Е081ММ2', 0, NULL, NULL, 7, 0, 65, 1, 'I'),
(50, '2023-11-13 17:57:56', '2023-11-13 17:57:56', 1, 40, 0, '19Е111П2', 0, NULL, NULL, 10, 0, 12, 1, 'I'),
(51, '2023-11-13 17:58:05', '2023-11-13 17:58:05', 1, 41, 0, '13Е071ЛОЕ', 0, NULL, NULL, 10, 0, 4, 1, 'I'),
(52, '2023-11-13 17:58:13', '2023-11-13 17:58:13', 1, 42, 0, '19Е111ОРТ', 0, NULL, NULL, 10, 0, 19, 1, 'I'),
(53, '2023-11-13 17:58:22', '2023-11-13 17:58:22', 1, 43, 0, '13Е071ПЕ2', 0, NULL, NULL, 8, 0, 5, 1, 'I'),
(54, '2023-11-13 17:58:31', '2023-11-13 17:58:31', 1, 44, 0, '13Е111ПП2', 0, NULL, NULL, 10, 0, 10, 1, ''),
(67, '2024-02-01 20:38:30', '2024-02-01 20:38:30', 1, 34, 0, '19Е061Ф1', 0, NULL, NULL, NULL, 0, NULL, 0, ''),
(68, '2024-02-01 20:38:40', '2024-02-01 20:38:40', 1, 35, 0, '19Е071ОЕ1', 0, NULL, NULL, NULL, 0, NULL, 0, ''),
(69, '2024-02-01 20:38:54', '2024-02-01 20:38:54', 1, 36, 0, '19Е111П1', 0, NULL, NULL, NULL, 0, NULL, 0, ''),
(70, '2024-02-01 20:39:02', '2024-02-01 20:39:02', 1, 37, 0, '13Е061ЛФ', 0, NULL, NULL, NULL, 0, NULL, 0, ''),
(71, '2024-02-01 20:39:10', '2024-02-01 20:39:10', 1, 46, 0, '13Е111ПП1', 0, 4, 100, 10, 0, NULL, 1, ''),
(72, '2024-02-01 20:39:18', '2024-02-01 20:39:18', 1, 45, 0, '19Е111УРА', 0, NULL, NULL, NULL, 0, NULL, 0, ''),
(80, '2024-03-07 22:57:59', '2024-03-07 22:57:59', 1, 24, 0, '﻿19Е081ММ1', 0, NULL, NULL, NULL, 0, NULL, 0, ''),
(82, '2024-03-09 20:00:56', '2024-05-15 22:45:46', 5, 28, 0, '13С111АСП1', 0, 2, NULL, NULL, 0, NULL, 0, 'I'),
(83, '2024-03-09 21:27:12', '2024-03-09 21:27:12', 5, 7, 1, '13С111П1', 0, 9, 100, 10, 0, 10, 1, '');

-- --------------------------------------------------------

--
-- Table structure for table `izbori_u_zvanje`
--

CREATE TABLE `izbori_u_zvanje` (
  `id` bigint(20) UNSIGNED NOT NULL,
  `created_at` timestamp NULL DEFAULT NULL,
  `updated_at` timestamp NULL DEFAULT NULL,
  `id_nastavnika` int(11) NOT NULL,
  `id_zvanja` int(11) NOT NULL,
  `strucno_zvanje` varchar(255) NOT NULL,
  `naucna_oblast` varchar(255) NOT NULL,
  `datum_izbora` date NOT NULL
) ENGINE=InnoDB DEFAULT CHARSET=utf8mb4 COLLATE=utf8mb4_unicode_ci;

--
-- Dumping data for table `izbori_u_zvanje`
--

INSERT INTO `izbori_u_zvanje` (`id`, `created_at`, `updated_at`, `id_nastavnika`, `id_zvanja`, `strucno_zvanje`, `naucna_oblast`, `datum_izbora`) VALUES
(1, NULL, NULL, 2, 6, 'дипломирани инжењер електротехнике и рачунарства', 'рачунарска техника и инфомратика', '2019-12-20'),
(2, NULL, NULL, 2, 6, 'дипломирани инжењер електротехнике и рачунарства', 'рачунарска техника и инфомратика', '2020-12-20'),
(3, NULL, NULL, 2, 5, 'мастер инжењер електротехнике и рачунарства', 'рачунарска техника и инфомратика', '2022-03-01'),
(5, NULL, NULL, 3, 2, 'доктор математике', 'примењена математика', '2019-06-02'),
(6, NULL, NULL, 4, 1, 'доктор техничких наука', 'електромагнетика, антене и микроталаси', '2017-03-01'),
(7, NULL, NULL, 5, 1, 'доктор електротехничких наука', 'електромагнетика, антене и микроталаси', '2022-05-25'),
(8, NULL, NULL, 6, 2, 'доктор наука - електротехника и рачунарство', 'електромагнетика, антене и микроталаси', '2021-06-15'),
(9, NULL, NULL, 7, 1, 'доктор електротехничких наука', 'електромагнетика, антене и микроталаси', '2022-10-10'),
(10, NULL, NULL, 8, 3, 'доктор наука - електротехника и рачунарство', 'електромагнетика, антене и микроталаси', '2022-03-21'),
(11, NULL, NULL, 9, 5, 'мастер инжењер електротехнике и рачунарства', 'електромагнетика, антене и микроталаси', '2023-01-17'),
(12, NULL, NULL, 10, 3, 'доктор наука - електротехника и рачунарство', 'рачунарска техника и информатика', '2022-11-14'),
(13, NULL, NULL, 12, 1, 'доктор електротехничких наука', 'рачунарска техника и информатика', '2017-11-01'),
(14, NULL, NULL, 13, 1, 'доктор електротехничких наука', 'рачунарска техника и информатика', '2016-04-01'),
(15, '0000-00-00 00:00:00', '0000-00-00 00:00:00', 14, 1, 'доктор електротехничких наука', 'рачунарска техника и информатика', '0000-00-00'),
(16, '0000-00-00 00:00:00', '0000-00-00 00:00:00', 15, 1, 'доктор електротехничких наука', 'рачунарска техника и информатика', '0000-00-00'),
(17, '0000-00-00 00:00:00', '0000-00-00 00:00:00', 16, 1, 'доктор електротехничких наука', 'рачунарска техника и информатика', '0000-00-00'),
(18, '0000-00-00 00:00:00', '0000-00-00 00:00:00', 17, 1, 'доктор електротехничких наука', 'рачунарска техника и информатика', '0000-00-00'),
(19, '0000-00-00 00:00:00', '0000-00-00 00:00:00', 18, 2, 'доктор наука -електротехника и рачунарство', 'рачунарска техника и информатика', '0000-00-00'),
(20, '0000-00-00 00:00:00', '0000-00-00 00:00:00', 19, 2, 'доктор електротехничких наука', 'рачунарска техника и информатика', '0000-00-00'),
(21, '0000-00-00 00:00:00', '0000-00-00 00:00:00', 20, 2, 'доктор електротехничких наука', 'рачунарска техника и информатика', '0000-00-00'),
(22, '0000-00-00 00:00:00', '0000-00-00 00:00:00', 21, 2, 'доктор електротехничких наука', 'рачунарска техника и информатика', '0000-00-00'),
(23, '0000-00-00 00:00:00', '0000-00-00 00:00:00', 22, 2, 'доктор електротехничких наука', 'рачунарска техника и информатика', '0000-00-00'),
(24, '0000-00-00 00:00:00', '0000-00-00 00:00:00', 23, 2, 'доктор електротехничких наука', 'рачунарска техника и информатика', '0000-00-00'),
(25, '0000-00-00 00:00:00', '0000-00-00 00:00:00', 24, 3, 'доктор наука -електротехника и рачунарство', 'рачунарска техника и информатика', '0000-00-00'),
(26, '0000-00-00 00:00:00', '0000-00-00 00:00:00', 25, 3, 'доктор наука -електротехника и рачунарство', 'рачунарска техника и информатика', '0000-00-00'),
(27, '0000-00-00 00:00:00', '0000-00-00 00:00:00', 26, 3, 'доктор наука -електротехника и рачунарство', 'рачунарска техника и информатика', '0000-00-00'),
(28, '0000-00-00 00:00:00', '0000-00-00 00:00:00', 27, 5, 'мастер инжењер електротехнике и рачунарства', 'рачунарска техника и информатика', '0000-00-00'),
(29, '0000-00-00 00:00:00', '0000-00-00 00:00:00', 28, 5, 'мастер инжењер електротехнике и рачунарства', 'рачунарска техника и информатика', '0000-00-00'),
(30, '0000-00-00 00:00:00', '0000-00-00 00:00:00', 29, 5, 'мастер инжењер електротехнике и рачунарства', 'рачунарска техника и информатика', '0000-00-00'),
(31, '0000-00-00 00:00:00', '0000-00-00 00:00:00', 30, 5, 'мастер инжењер електротехнике и рачунарства', 'рачунарска техника и информатика', '0000-00-00'),
(32, '0000-00-00 00:00:00', '0000-00-00 00:00:00', 31, 5, 'мастер инжењер електротехнике и рачунарства', 'рачунарска техника и информатика', '0000-00-00'),
(33, '0000-00-00 00:00:00', '0000-00-00 00:00:00', 32, 5, 'мастер инжењер електротехнике и рачунарства', 'рачунарска техника и информатика', '0000-00-00'),
(34, '0000-00-00 00:00:00', '0000-00-00 00:00:00', 33, 5, 'мастер инжењер електротехнике и рачунарства', 'рачунарска техника и информатика', '0000-00-00'),
(35, '0000-00-00 00:00:00', '0000-00-00 00:00:00', 34, 5, 'мастер инжењер електротехнике и рачунарства', 'рачунарска техника и информатика', '0000-00-00'),
(36, '0000-00-00 00:00:00', '0000-00-00 00:00:00', 35, 5, 'мастер инжењер електротехнике и рачунарства', 'рачунарска техника и информатика', '0000-00-00'),
(37, '0000-00-00 00:00:00', '0000-00-00 00:00:00', 36, 5, 'мастер инжењер електротехнике и рачунарства', 'рачунарска техника и информатика', '0000-00-00'),
(38, '0000-00-00 00:00:00', '0000-00-00 00:00:00', 37, 5, 'мастер инжењер електротехнике и рачунарства', 'рачунарска техника и информатика', '0000-00-00'),
(39, '0000-00-00 00:00:00', '0000-00-00 00:00:00', 38, 5, 'мастер инжењер електротехнике и рачунарства', 'рачунарска техника и информатика', '0000-00-00'),
(40, '0000-00-00 00:00:00', '0000-00-00 00:00:00', 39, 5, 'мастер инжењер електротехнике и рачунарства', 'рачунарска техника и информатика', '0000-00-00'),
(41, '0000-00-00 00:00:00', '0000-00-00 00:00:00', 40, 5, 'мастер инжењер електротехнике и рачунарства', 'рачунарска техника и информатика', '0000-00-00'),
(42, '0000-00-00 00:00:00', '0000-00-00 00:00:00', 41, 5, 'мастер инжењер електротехнике и рачунарства', 'рачунарска техника и информатика', '0000-00-00'),
(43, '0000-00-00 00:00:00', '0000-00-00 00:00:00', 42, 6, 'дипломирани инжењер електротехнике и рачунарства', 'рачунарска техника и информатика', '0000-00-00'),
(44, '0000-00-00 00:00:00', '0000-00-00 00:00:00', 43, 6, 'дипломирани инжењер електротехнике и рачунарства', 'рачунарска техника и информатика', '0000-00-00'),
(45, '0000-00-00 00:00:00', '0000-00-00 00:00:00', 45, 1, 'доктор електротехничких наука', 'Електроника', '0000-00-00'),
(46, '0000-00-00 00:00:00', '0000-00-00 00:00:00', 46, 1, 'доктор електротехничких наука', 'Електроника', '0000-00-00'),
(47, '0000-00-00 00:00:00', '0000-00-00 00:00:00', 47, 1, 'доктор техничких наука', 'Електроника', '0000-00-00'),
(48, '0000-00-00 00:00:00', '0000-00-00 00:00:00', 48, 1, 'доктор техничких наука', 'Електроника', '0000-00-00'),
(49, '0000-00-00 00:00:00', '0000-00-00 00:00:00', 49, 2, 'доктор електротехничких наука', 'Електроника', '0000-00-00'),
(50, '0000-00-00 00:00:00', '0000-00-00 00:00:00', 50, 2, 'доктор електротехничких наука', 'Електроника', '0000-00-00'),
(51, '0000-00-00 00:00:00', '0000-00-00 00:00:00', 51, 2, 'доктор електротехничких наука', 'Електроника', '0000-00-00'),
(52, '0000-00-00 00:00:00', '0000-00-00 00:00:00', 52, 2, 'доктор електротехничких наука', 'Електроника', '0000-00-00'),
(53, '0000-00-00 00:00:00', '0000-00-00 00:00:00', 53, 2, 'доктор електротехничких наука', 'Електроника', '0000-00-00'),
(54, '0000-00-00 00:00:00', '0000-00-00 00:00:00', 54, 3, 'доктор електротехнике и рачунарства', 'Електроника', '0000-00-00'),
(55, '0000-00-00 00:00:00', '0000-00-00 00:00:00', 55, 3, 'доктор наука - електротехника и рачунарство', 'Електроника', '0000-00-00'),
(56, '0000-00-00 00:00:00', '0000-00-00 00:00:00', 56, 3, 'доктор наука - електротехника и рачунарство', 'Електроника', '0000-00-00'),
(57, '0000-00-00 00:00:00', '0000-00-00 00:00:00', 57, 3, 'доктор електротехничких наука', 'Електроника', '0000-00-00'),
(58, '0000-00-00 00:00:00', '0000-00-00 00:00:00', 58, 5, 'мастер инжењер електротехнике и рачунарства', 'Електроника', '0000-00-00'),
(59, '0000-00-00 00:00:00', '0000-00-00 00:00:00', 59, 5, 'мастер инжењер електротехнике и рачунарства', 'Електроника', '0000-00-00'),
(60, '0000-00-00 00:00:00', '0000-00-00 00:00:00', 60, 5, 'мастер инжењер електротехнике и рачунарства', 'Електроника', '0000-00-00'),
(61, '0000-00-00 00:00:00', '0000-00-00 00:00:00', 61, 1, 'доктор математике', 'Примењена математика', '0000-00-00'),
(62, '0000-00-00 00:00:00', '0000-00-00 00:00:00', 62, 1, 'доктор математике', 'Примењена математика', '0000-00-00'),
(63, '0000-00-00 00:00:00', '0000-00-00 00:00:00', 63, 1, 'доктор математике', 'Примењена математика', '0000-00-00'),
(64, '0000-00-00 00:00:00', '0000-00-00 00:00:00', 64, 1, 'доктор наука - математичке науке', 'Примењена математика', '0000-00-00'),
(65, '0000-00-00 00:00:00', '0000-00-00 00:00:00', 65, 2, 'доктор математике', 'Примењена математика', '0000-00-00'),
(66, '0000-00-00 00:00:00', '0000-00-00 00:00:00', 66, 2, 'доктор математике', 'Примењена математика', '0000-00-00'),
(67, '0000-00-00 00:00:00', '0000-00-00 00:00:00', 67, 3, 'доктор математике', 'Примењена математика', '0000-00-00'),
(68, '0000-00-00 00:00:00', '0000-00-00 00:00:00', 68, 3, 'доктор наука - математичке науке', 'Примењена математика', '0000-00-00'),
(69, '0000-00-00 00:00:00', '0000-00-00 00:00:00', 69, 3, 'доктор математике', 'Примењена математика', '0000-00-00'),
(70, '0000-00-00 00:00:00', '0000-00-00 00:00:00', 70, 5, 'мастер математичар', 'Примењена математика', '0000-00-00'),
(71, '0000-00-00 00:00:00', '0000-00-00 00:00:00', 71, 5, 'мастер математичар', 'Примењена математика', '0000-00-00'),
(72, '0000-00-00 00:00:00', '0000-00-00 00:00:00', 72, 6, 'дипломирани математичар', 'Примењена математика', '0000-00-00'),
(73, '0000-00-00 00:00:00', '0000-00-00 00:00:00', 73, 6, 'мастер математичар', 'Примењена математика', '0000-00-00'),
(74, '0000-00-00 00:00:00', '0000-00-00 00:00:00', 74, 1, 'доктор техничких наука', 'Електроенергетски системи', '0000-00-00'),
(75, '0000-00-00 00:00:00', '0000-00-00 00:00:00', 75, 1, 'доктор електротехничких наука', 'Електроенергетски системи', '0000-00-00'),
(76, '0000-00-00 00:00:00', '0000-00-00 00:00:00', 76, 1, 'доктор електротехничких наука', 'Електроенергетски системи', '0000-00-00'),
(77, '0000-00-00 00:00:00', '0000-00-00 00:00:00', 77, 2, 'доктор електротехничких наука', 'Електроенергетски системи', '0000-00-00'),
(78, '0000-00-00 00:00:00', '0000-00-00 00:00:00', 78, 2, 'доктор наука - електротехника и рачунарство', 'Електроенергетски системи', '0000-00-00'),
(79, '0000-00-00 00:00:00', '0000-00-00 00:00:00', 79, 2, 'доктор електротехничких наука', 'Електроенергетски системи', '0000-00-00'),
(80, '0000-00-00 00:00:00', '0000-00-00 00:00:00', 80, 2, 'доктор електротехничких наука', 'Електроенергетски системи', '0000-00-00'),
(81, '0000-00-00 00:00:00', '0000-00-00 00:00:00', 81, 3, 'доктор наука - електротехника и рачунарство', 'Електроенергетски системи', '0000-00-00'),
(82, '0000-00-00 00:00:00', '0000-00-00 00:00:00', 82, 3, 'доктор наука - електротехника и рачунарство', 'Електроенергетски системи', '0000-00-00'),
(83, '0000-00-00 00:00:00', '0000-00-00 00:00:00', 83, 3, 'доктор наука - електротехника и рачунарство', 'Електроенергетски системи', '0000-00-00'),
(84, '0000-00-00 00:00:00', '0000-00-00 00:00:00', 84, 3, 'доктор наука - електротехника и рачунарство', 'Електроенергетски системи', '0000-00-00'),
(85, '0000-00-00 00:00:00', '0000-00-00 00:00:00', 85, 5, 'мастер инжењер електротехнике и рачунарства', 'Електроенергетски системи', '0000-00-00'),
(86, '0000-00-00 00:00:00', '0000-00-00 00:00:00', 86, 5, 'мастер инжењер електротехнике и рачунарства', 'Електроенергетски системи', '0000-00-00'),
(87, '0000-00-00 00:00:00', '0000-00-00 00:00:00', 87, 5, 'мастер инжењер електротехнике и рачунарства', 'Електроенергетски системи', '0000-00-00'),
(88, '0000-00-00 00:00:00', '0000-00-00 00:00:00', 93, 1, 'доктор техничких наука', 'Физичка елекроника', '0000-00-00'),
(89, '0000-00-00 00:00:00', '0000-00-00 00:00:00', 94, 2, 'доктор техничких наука', 'Нуклеарна техника', '0000-00-00'),
(90, '0000-00-00 00:00:00', '0000-00-00 00:00:00', 96, 6, 'дипломирани инжењер софтвера', 'Софтверско инжењерство', '2023-11-07'),
(91, '0000-00-00 00:00:00', '0000-00-00 00:00:00', 10, 2, 'доктор наука -електротехника и рачунарство', 'рачунарска техника и информатика', '2023-10-16'),
(92, '0000-00-00 00:00:00', '0000-00-00 00:00:00', 24, 2, 'доктор наука -електротехника и рачунарство', 'рачунарска техника и информатика', '2023-10-16'),
(93, '0000-00-00 00:00:00', '0000-00-00 00:00:00', 97, 6, 'дипломирани инжењер софтвера', 'рачунарска техника и информатика', '2023-12-07'),
(94, '0000-00-00 00:00:00', '0000-00-00 00:00:00', 98, 6, 'дипломирани инжењер електротехнике и рачунарства', 'рачунарска техника и информатика', '2023-11-07');

-- --------------------------------------------------------

--
-- Table structure for table `migrations`
--

CREATE TABLE `migrations` (
  `id` int(10) UNSIGNED NOT NULL,
  `migration` varchar(255) NOT NULL,
  `batch` int(11) NOT NULL
) ENGINE=InnoDB DEFAULT CHARSET=utf8mb4 COLLATE=utf8mb4_unicode_ci;

--
-- Dumping data for table `migrations`
--

INSERT INTO `migrations` (`id`, `migration`, `batch`) VALUES
(1, '2014_10_12_000000_create_users_table', 1),
(2, '2014_10_12_100000_create_password_resets_table', 1),
(3, '2019_08_19_000000_create_failed_jobs_table', 1),
(4, '2019_12_14_000001_create_personal_access_tokens_table', 1),
(5, '2023_02_21_124911_create_studenti_table', 2),
(6, '2023_02_21_155704_create_predmeti_table', 3),
(7, '2023_02_21_160337_create_drze_se_table', 3),
(8, '2023_02_21_160821_create_statuti_table', 3),
(9, '2023_02_21_160845_create_programi_table', 3),
(10, '2023_02_21_161006_create_predmetne_obaveze_table', 3),
(11, '2023_02_21_161210_create_upisi_table', 3),
(12, '2023_02_21_161416_create_slusanje_table', 3),
(13, '2023_02_21_161900_add_columns_to_slusanje_table', 4),
(14, '2023_02_21_163008_create_skolska_godina_table', 5),
(15, '2023_02_21_173620_create_grupe_za_biranje_predmeta_table', 6),
(16, '2023_02_21_174105_create_predmet_pripada_grupi_za_biranje_table', 7),
(17, '2023_02_21_192814_create_organizacione_aktivnosti_table', 8),
(18, '2023_02_22_131408_create_veze_grupe_biranje_predmeta_table', 9),
(19, '2023_02_22_131430_create_veze_za_grupe_za_biranje_predmeta_table', 9),
(20, '2023_02_23_145048_create_grupe_za_predmete_table', 10),
(21, '2023_02_23_145318_create_nastavnici_table', 10),
(22, '2023_02_23_145756_create_katedre_table', 10),
(23, '2023_02_23_145907_create_nastavnici_drze_grupe_predmeta_table', 10),
(24, '2023_02_23_152040_create_zvanja_table', 11),
(25, '2023_02_23_152636_create_izbori_u_zvanje_table', 12),
(27, '2023_02_23_214807_create_table_predmetne_obaveze_table', 13),
(28, '2023_02_23_215005_create_predmetna_grupa_postoji_u_roku_table', 13),
(29, '2023_02_25_003938_create_ispitne_prijave_table', 14),
(30, '2023_02_23_214458_create_rokovi_table', 15),
(31, '2023_03_22_163608_create_uplate_tables', 16),
(32, '2023_03_22_173743_create_prostorije_table', 17),
(33, '2023_03_22_173920_create_zgrade_table', 17),
(34, '2023_03_30_225310_create_ovlascenja_table', 18),
(35, '2023_04_03_194646_create_predmetni_spiskovi_table', 19),
(36, '2023_04_03_194852_create_termini_za_predmetni_spisak_table', 19),
(37, '2023_04_03_195221_create_sale_za_termine_za_predmetni_spisak_table', 19);

-- --------------------------------------------------------

--
-- Table structure for table `nastavnici`
--

CREATE TABLE `nastavnici` (
  `created_at` timestamp NULL DEFAULT NULL,
  `updated_at` timestamp NULL DEFAULT NULL,
  `id_korisnik` int(11) NOT NULL,
  `id_organizaciona_jedinica` int(11) NOT NULL,
  `id_prostorija` int(11) DEFAULT NULL,
  `id_poslednjeg_izbora` int(11) NOT NULL
) ENGINE=InnoDB DEFAULT CHARSET=utf8mb4 COLLATE=utf8mb4_unicode_ci;

--
-- Dumping data for table `nastavnici`
--

INSERT INTO `nastavnici` (`created_at`, `updated_at`, `id_korisnik`, `id_organizaciona_jedinica`, `id_prostorija`, `id_poslednjeg_izbora`) VALUES
('0000-00-00 00:00:00', '0000-00-00 00:00:00', 0, 11, 0, 95),
(NULL, NULL, 2, 11, NULL, 3),
(NULL, NULL, 3, 8, NULL, 5),
(NULL, NULL, 4, 7, NULL, 6),
(NULL, NULL, 5, 7, NULL, 7),
(NULL, NULL, 6, 7, NULL, 8),
(NULL, NULL, 7, 7, NULL, 9),
(NULL, NULL, 8, 7, NULL, 10),
(NULL, NULL, 9, 7, NULL, 11),
(NULL, NULL, 10, 11, NULL, 91),
(NULL, NULL, 12, 11, NULL, 13),
(NULL, NULL, 13, 11, NULL, 14),
('0000-00-00 00:00:00', '0000-00-00 00:00:00', 14, 11, 0, 15),
('0000-00-00 00:00:00', '0000-00-00 00:00:00', 15, 11, 3, 16),
('0000-00-00 00:00:00', '0000-00-00 00:00:00', 16, 11, 0, 17),
('0000-00-00 00:00:00', '0000-00-00 00:00:00', 17, 11, 0, 18),
('0000-00-00 00:00:00', '0000-00-00 00:00:00', 18, 11, 0, 19),
('0000-00-00 00:00:00', '0000-00-00 00:00:00', 19, 11, 0, 20),
('0000-00-00 00:00:00', '0000-00-00 00:00:00', 20, 11, 0, 21),
('0000-00-00 00:00:00', '0000-00-00 00:00:00', 21, 11, 0, 22),
('0000-00-00 00:00:00', '0000-00-00 00:00:00', 22, 11, 0, 23),
('0000-00-00 00:00:00', '0000-00-00 00:00:00', 23, 11, 0, 24),
('0000-00-00 00:00:00', '0000-00-00 00:00:00', 24, 11, 0, 92),
('0000-00-00 00:00:00', '0000-00-00 00:00:00', 25, 11, 0, 26),
('0000-00-00 00:00:00', '0000-00-00 00:00:00', 26, 11, 0, 27),
('0000-00-00 00:00:00', '0000-00-00 00:00:00', 27, 11, 0, 28),
('0000-00-00 00:00:00', '0000-00-00 00:00:00', 28, 11, 0, 29),
('0000-00-00 00:00:00', '0000-00-00 00:00:00', 29, 11, 0, 30),
('0000-00-00 00:00:00', '0000-00-00 00:00:00', 30, 11, 0, 31),
('0000-00-00 00:00:00', '0000-00-00 00:00:00', 31, 11, 0, 32),
('0000-00-00 00:00:00', '0000-00-00 00:00:00', 32, 11, 0, 33),
('0000-00-00 00:00:00', '0000-00-00 00:00:00', 33, 11, 0, 34),
('0000-00-00 00:00:00', '0000-00-00 00:00:00', 34, 11, 0, 35),
('0000-00-00 00:00:00', '0000-00-00 00:00:00', 35, 11, 0, 36),
('0000-00-00 00:00:00', '0000-00-00 00:00:00', 36, 11, 0, 37),
('0000-00-00 00:00:00', '0000-00-00 00:00:00', 37, 11, 0, 38),
('0000-00-00 00:00:00', '0000-00-00 00:00:00', 38, 11, 0, 39),
('0000-00-00 00:00:00', '0000-00-00 00:00:00', 39, 11, 0, 40),
('0000-00-00 00:00:00', '0000-00-00 00:00:00', 40, 11, 0, 41),
('0000-00-00 00:00:00', '0000-00-00 00:00:00', 41, 11, 0, 42),
('0000-00-00 00:00:00', '0000-00-00 00:00:00', 42, 11, 0, 43),
('0000-00-00 00:00:00', '0000-00-00 00:00:00', 43, 11, 0, 44),
('0000-00-00 00:00:00', '0000-00-00 00:00:00', 45, 4, 0, 45),
('0000-00-00 00:00:00', '0000-00-00 00:00:00', 46, 4, 0, 46),
('0000-00-00 00:00:00', '0000-00-00 00:00:00', 47, 4, 0, 47),
('0000-00-00 00:00:00', '0000-00-00 00:00:00', 48, 4, 0, 48),
('0000-00-00 00:00:00', '0000-00-00 00:00:00', 49, 4, 0, 49),
('0000-00-00 00:00:00', '0000-00-00 00:00:00', 50, 4, 0, 50),
('0000-00-00 00:00:00', '0000-00-00 00:00:00', 51, 4, 0, 51),
('0000-00-00 00:00:00', '0000-00-00 00:00:00', 52, 4, 0, 52),
('0000-00-00 00:00:00', '0000-00-00 00:00:00', 53, 4, 0, 53),
('0000-00-00 00:00:00', '0000-00-00 00:00:00', 54, 4, 0, 54),
('0000-00-00 00:00:00', '0000-00-00 00:00:00', 55, 4, 0, 55),
('0000-00-00 00:00:00', '0000-00-00 00:00:00', 56, 4, 0, 56),
('0000-00-00 00:00:00', '0000-00-00 00:00:00', 57, 4, 0, 57),
('0000-00-00 00:00:00', '0000-00-00 00:00:00', 58, 4, 0, 58),
('0000-00-00 00:00:00', '0000-00-00 00:00:00', 59, 4, 0, 59),
('0000-00-00 00:00:00', '0000-00-00 00:00:00', 60, 4, 0, 60),
('0000-00-00 00:00:00', '0000-00-00 00:00:00', 61, 8, 0, 61),
('0000-00-00 00:00:00', '0000-00-00 00:00:00', 62, 8, 0, 62),
('0000-00-00 00:00:00', '0000-00-00 00:00:00', 63, 8, 0, 63),
('0000-00-00 00:00:00', '0000-00-00 00:00:00', 64, 8, 0, 64),
('0000-00-00 00:00:00', '0000-00-00 00:00:00', 65, 8, 0, 65),
('0000-00-00 00:00:00', '0000-00-00 00:00:00', 66, 8, 0, 66),
('0000-00-00 00:00:00', '0000-00-00 00:00:00', 67, 8, 0, 67),
('0000-00-00 00:00:00', '0000-00-00 00:00:00', 68, 8, 0, 68),
('0000-00-00 00:00:00', '0000-00-00 00:00:00', 69, 8, 0, 69),
('0000-00-00 00:00:00', '0000-00-00 00:00:00', 70, 8, 0, 70),
('0000-00-00 00:00:00', '0000-00-00 00:00:00', 71, 8, 0, 71),
('0000-00-00 00:00:00', '0000-00-00 00:00:00', 72, 8, 0, 72),
('0000-00-00 00:00:00', '0000-00-00 00:00:00', 73, 8, 0, 73),
('0000-00-00 00:00:00', '0000-00-00 00:00:00', 74, 2, 0, 74),
('0000-00-00 00:00:00', '0000-00-00 00:00:00', 75, 2, 0, 75),
('0000-00-00 00:00:00', '0000-00-00 00:00:00', 76, 2, 0, 76),
('0000-00-00 00:00:00', '0000-00-00 00:00:00', 77, 2, 0, 77),
('0000-00-00 00:00:00', '0000-00-00 00:00:00', 78, 2, 0, 78),
('0000-00-00 00:00:00', '0000-00-00 00:00:00', 79, 2, 0, 79),
('0000-00-00 00:00:00', '0000-00-00 00:00:00', 80, 2, 0, 80),
('0000-00-00 00:00:00', '0000-00-00 00:00:00', 81, 2, 0, 81),
('0000-00-00 00:00:00', '0000-00-00 00:00:00', 82, 2, 0, 82),
('0000-00-00 00:00:00', '0000-00-00 00:00:00', 83, 2, 0, 83),
('0000-00-00 00:00:00', '0000-00-00 00:00:00', 84, 2, 0, 84),
('0000-00-00 00:00:00', '0000-00-00 00:00:00', 85, 2, 0, 85),
('0000-00-00 00:00:00', '0000-00-00 00:00:00', 86, 2, 0, 86),
('0000-00-00 00:00:00', '0000-00-00 00:00:00', 87, 2, 0, 87),
('0000-00-00 00:00:00', '0000-00-00 00:00:00', 93, 6, 0, 88),
('0000-00-00 00:00:00', '0000-00-00 00:00:00', 94, 6, 0, 89),
('0000-00-00 00:00:00', '0000-00-00 00:00:00', 96, 11, 0, 90),
('0000-00-00 00:00:00', '0000-00-00 00:00:00', 97, 11, 0, 93),
('0000-00-00 00:00:00', '0000-00-00 00:00:00', 98, 11, 0, 94);

-- --------------------------------------------------------

--
-- Table structure for table `nastavnici_drze_grupe_predmeta`
--

CREATE TABLE `nastavnici_drze_grupe_predmeta` (
  `id` bigint(20) UNSIGNED NOT NULL,
  `created_at` timestamp NULL DEFAULT NULL,
  `updated_at` timestamp NULL DEFAULT NULL,
  `id_grupe_predmeta` int(11) NOT NULL,
  `id_nastavnika` int(11) NOT NULL
) ENGINE=InnoDB DEFAULT CHARSET=utf8mb4 COLLATE=utf8mb4_unicode_ci;

--
-- Dumping data for table `nastavnici_drze_grupe_predmeta`
--

INSERT INTO `nastavnici_drze_grupe_predmeta` (`id`, `created_at`, `updated_at`, `id_grupe_predmeta`, `id_nastavnika`) VALUES
(3, NULL, NULL, 9, 4),
(4, NULL, NULL, 9, 5),
(5, NULL, NULL, 9, 6),
(6, NULL, NULL, 9, 7),
(7, NULL, NULL, 10, 4),
(8, NULL, NULL, 10, 5),
(9, NULL, NULL, 10, 6),
(10, NULL, NULL, 10, 7),
(11, NULL, NULL, 11, 4),
(12, NULL, NULL, 11, 5),
(13, NULL, NULL, 11, 6),
(14, NULL, NULL, 11, 7),
(16, NULL, NULL, 12, 8),
(17, NULL, NULL, 13, 6),
(18, NULL, NULL, 14, 9),
(19, NULL, NULL, 15, 8),
(20, NULL, NULL, 16, 6),
(21, NULL, NULL, 17, 9),
(47, NULL, NULL, 27, 12),
(48, NULL, NULL, 28, 10),
(49, NULL, NULL, 29, 17),
(50, NULL, NULL, 30, 31),
(51, NULL, NULL, 31, 2),
(52, NULL, NULL, 32, 35),
(53, NULL, NULL, 33, 28),
(54, NULL, NULL, 33, 35),
(55, NULL, NULL, 34, 2),
(56, NULL, NULL, 35, 28),
(57, NULL, NULL, 116, 2),
(58, NULL, NULL, 116, 10),
(59, NULL, NULL, 116, 28),
(60, NULL, NULL, 116, 31),
(61, NULL, NULL, 116, 35),
(62, NULL, NULL, 38, 13),
(63, NULL, NULL, 38, 24),
(64, NULL, NULL, 39, 27),
(65, NULL, NULL, 39, 28),
(66, NULL, NULL, 39, 31),
(67, NULL, NULL, 46, 10),
(68, NULL, NULL, 47, 2),
(69, NULL, NULL, 47, 28),
(70, NULL, NULL, 47, 31),
(71, NULL, NULL, 47, 35),
(81, NULL, NULL, 88, 18),
(82, NULL, NULL, 88, 19),
(83, NULL, NULL, 88, 20),
(84, NULL, NULL, 89, 18),
(85, NULL, NULL, 89, 19),
(86, NULL, NULL, 89, 20),
(87, NULL, NULL, 90, 18),
(88, NULL, NULL, 90, 19),
(89, NULL, NULL, 90, 20),
(90, NULL, NULL, 91, 2),
(91, NULL, NULL, 92, 42),
(92, NULL, NULL, 93, 2),
(93, NULL, NULL, 94, 29),
(94, NULL, NULL, 95, 29),
(109, NULL, NULL, 73, 12),
(110, NULL, NULL, 74, 17),
(111, NULL, NULL, 75, 10),
(112, NULL, NULL, 76, 35),
(113, NULL, NULL, 77, 28),
(114, NULL, NULL, 78, 2),
(115, NULL, NULL, 79, 31),
(116, NULL, NULL, 80, 2),
(117, NULL, NULL, 81, 35),
(118, NULL, NULL, 117, 2),
(119, NULL, NULL, 117, 10),
(120, NULL, NULL, 117, 28),
(121, NULL, NULL, 117, 31),
(122, NULL, NULL, 117, 35),
(123, NULL, NULL, 119, 10),
(124, NULL, NULL, 119, 12),
(125, NULL, NULL, 119, 17),
(126, NULL, NULL, 120, 10),
(127, NULL, NULL, 121, 12),
(128, NULL, NULL, 122, 12),
(129, NULL, NULL, 123, 28),
(130, NULL, NULL, 124, 2),
(131, NULL, NULL, 125, 31),
(132, NULL, NULL, 126, 35),
(133, NULL, NULL, 128, 17),
(134, NULL, NULL, 129, 17),
(135, NULL, NULL, 130, 10),
(136, NULL, NULL, 131, 10),
(137, NULL, NULL, 132, 33),
(138, NULL, NULL, 133, 42),
(139, NULL, NULL, 134, 38),
(140, NULL, NULL, 135, 42),
(141, NULL, NULL, 136, 10),
(142, NULL, NULL, 136, 33),
(143, NULL, NULL, 136, 38),
(144, NULL, NULL, 136, 42),
(145, NULL, NULL, 137, 15),
(146, NULL, NULL, 137, 16),
(147, NULL, NULL, 138, 15),
(148, NULL, NULL, 138, 16),
(149, NULL, NULL, 141, 15),
(150, NULL, NULL, 141, 16),
(151, NULL, NULL, 142, 35),
(152, NULL, NULL, 143, 27),
(153, NULL, NULL, 144, 27),
(154, NULL, NULL, 145, 27),
(155, NULL, NULL, 145, 28),
(156, NULL, NULL, 145, 32),
(157, NULL, NULL, 145, 35),
(158, NULL, NULL, 145, 41),
(159, NULL, NULL, 146, 18),
(160, NULL, NULL, 146, 19),
(161, NULL, NULL, 146, 20),
(162, NULL, NULL, 148, 18),
(163, NULL, NULL, 148, 19),
(164, NULL, NULL, 148, 20),
(165, NULL, NULL, 149, 18),
(166, NULL, NULL, 149, 19),
(167, NULL, NULL, 149, 20),
(168, NULL, NULL, 150, 18),
(169, NULL, NULL, 150, 19),
(170, NULL, NULL, 150, 20),
(171, NULL, NULL, 151, 29),
(172, NULL, NULL, 152, 42),
(173, NULL, NULL, 153, 29),
(174, NULL, NULL, 154, 2),
(175, NULL, NULL, 157, 10),
(176, NULL, NULL, 156, 2),
(177, NULL, NULL, 156, 28),
(178, NULL, NULL, 156, 31),
(179, NULL, NULL, 156, 35),
(180, NULL, NULL, 158, 13),
(181, NULL, NULL, 158, 24),
(182, NULL, NULL, 159, 13),
(183, NULL, NULL, 159, 24),
(184, NULL, NULL, 160, 13),
(185, NULL, NULL, 160, 24),
(186, NULL, NULL, 161, 27),
(187, NULL, NULL, 161, 28),
(188, NULL, NULL, 161, 31),
(208, NULL, NULL, 98, 10),
(209, NULL, NULL, 99, 2),
(210, NULL, NULL, 99, 28),
(211, NULL, NULL, 99, 31),
(212, NULL, NULL, 99, 35),
(213, NULL, NULL, 164, 40),
(219, NULL, NULL, 162, 10),
(220, NULL, NULL, 163, 2),
(221, NULL, NULL, 163, 28),
(222, NULL, NULL, 163, 31),
(223, NULL, NULL, 163, 35),
(224, NULL, NULL, 165, 40),
(225, NULL, NULL, 166, 19),
(226, NULL, NULL, 167, 2),
(227, NULL, NULL, 167, 29),
(228, NULL, NULL, 167, 42),
(229, NULL, NULL, 167, 43),
(230, NULL, NULL, 168, 12),
(231, NULL, NULL, 168, 10),
(232, NULL, NULL, 168, 17),
(233, NULL, NULL, 169, 10),
(234, NULL, NULL, 170, 12),
(235, NULL, NULL, 171, 12),
(236, NULL, NULL, 172, 2),
(237, NULL, NULL, 173, 28),
(238, NULL, NULL, 174, 31),
(239, NULL, NULL, 175, 35),
(240, NULL, NULL, 176, 19),
(241, NULL, NULL, 176, 21),
(242, NULL, NULL, 178, 30),
(243, NULL, NULL, 179, 30),
(244, NULL, NULL, 180, 19),
(245, NULL, NULL, 181, 29),
(246, NULL, NULL, 181, 43),
(247, NULL, NULL, 182, 41),
(248, NULL, NULL, 183, 29),
(249, NULL, NULL, 183, 43),
(250, NULL, NULL, 183, 41),
(251, NULL, NULL, 184, 18),
(252, NULL, NULL, 184, 20),
(253, NULL, NULL, 185, 29),
(254, NULL, NULL, 186, 29),
(255, NULL, NULL, 187, 29),
(256, NULL, NULL, 64, 5),
(257, NULL, NULL, 64, 7),
(258, NULL, NULL, 64, 4),
(259, NULL, NULL, 64, 6),
(260, NULL, NULL, 65, 5),
(261, NULL, NULL, 65, 7),
(262, NULL, NULL, 65, 4),
(263, NULL, NULL, 65, 6),
(264, NULL, NULL, 66, 5),
(265, NULL, NULL, 66, 7),
(266, NULL, NULL, 66, 4),
(267, NULL, NULL, 66, 6),
(268, NULL, NULL, 67, 8),
(269, NULL, NULL, 68, 6),
(270, NULL, NULL, 69, 8),
(271, NULL, NULL, 70, 9),
(272, NULL, NULL, 72, 9),
(281, NULL, NULL, 188, 50),
(282, NULL, NULL, 188, 46),
(283, NULL, NULL, 189, 50),
(284, NULL, NULL, 189, 46),
(285, NULL, NULL, 190, 50),
(286, NULL, NULL, 190, 46),
(287, NULL, NULL, 191, 50),
(288, NULL, NULL, 191, 46),
(289, NULL, NULL, 192, 58),
(290, NULL, NULL, 193, 58),
(291, NULL, NULL, 194, 58),
(292, NULL, NULL, 195, 58),
(293, NULL, NULL, 196, 58),
(294, NULL, NULL, 196, 59),
(295, NULL, NULL, 196, 60),
(316, NULL, NULL, 200, 67),
(317, NULL, NULL, 201, 72),
(318, NULL, NULL, 202, 67),
(319, NULL, NULL, 202, 72),
(320, NULL, NULL, 55, 65),
(321, NULL, NULL, 56, 68),
(322, NULL, NULL, 57, 69),
(323, NULL, NULL, 58, 71),
(324, NULL, NULL, 59, 73),
(325, NULL, NULL, 60, 72),
(326, NULL, NULL, 60, 71),
(327, NULL, NULL, 61, 70),
(328, NULL, NULL, 61, 73),
(329, NULL, NULL, 61, 71),
(330, NULL, NULL, 62, 72),
(331, NULL, NULL, 63, 72),
(334, NULL, NULL, 203, 61),
(335, NULL, NULL, 203, 66),
(336, NULL, NULL, 203, 64),
(337, NULL, NULL, 204, 61),
(338, NULL, NULL, 204, 66),
(339, NULL, NULL, 204, 64),
(340, NULL, NULL, 205, 61),
(341, NULL, NULL, 205, 66),
(342, NULL, NULL, 205, 64),
(343, NULL, NULL, 206, 61),
(344, NULL, NULL, 206, 66),
(345, NULL, NULL, 206, 64),
(346, NULL, NULL, 207, 61),
(347, NULL, NULL, 207, 66),
(348, NULL, NULL, 207, 64),
(363, NULL, NULL, 1, 61),
(364, NULL, NULL, 1, 69),
(365, NULL, NULL, 1, 3),
(366, NULL, NULL, 2, 61),
(367, NULL, NULL, 2, 69),
(368, NULL, NULL, 115, 61),
(369, NULL, NULL, 115, 3),
(370, NULL, NULL, 3, 73),
(371, NULL, NULL, 4, 71),
(372, NULL, NULL, 5, 73),
(373, NULL, NULL, 6, 70),
(374, NULL, NULL, 7, 71),
(375, NULL, NULL, 8, 73),
(376, NULL, NULL, 8, 71),
(384, NULL, NULL, 208, 18),
(385, NULL, NULL, 208, 20),
(386, NULL, NULL, 209, 29),
(387, NULL, NULL, 209, 43),
(388, NULL, NULL, 210, 2),
(389, NULL, NULL, 210, 29),
(390, NULL, NULL, 210, 43),
(391, NULL, NULL, 211, 2),
(392, NULL, NULL, 211, 29),
(393, NULL, NULL, 211, 43),
(394, NULL, NULL, 18, 93),
(395, NULL, NULL, 36, 94),
(396, NULL, NULL, 37, 94),
(397, NULL, NULL, 82, 5),
(398, NULL, NULL, 82, 4),
(399, NULL, NULL, 83, 4),
(400, NULL, NULL, 84, 4),
(401, NULL, NULL, 85, 9),
(402, NULL, NULL, 85, 5),
(403, NULL, NULL, 85, 8),
(404, NULL, NULL, 85, 7),
(405, NULL, NULL, 85, 4),
(406, NULL, NULL, 85, 6),
(407, NULL, NULL, 104, 5),
(408, NULL, NULL, 104, 8),
(409, NULL, NULL, 104, 6),
(410, NULL, NULL, 105, 9),
(411, NULL, NULL, 105, 5),
(412, NULL, NULL, 105, 8),
(413, NULL, NULL, 105, 6),
(414, NULL, NULL, 212, 65),
(415, NULL, NULL, 213, 62),
(416, NULL, NULL, 213, 64),
(417, NULL, NULL, 214, 62),
(418, NULL, NULL, 214, 64),
(419, NULL, NULL, 215, 61),
(420, NULL, NULL, 216, 69),
(421, NULL, NULL, 217, 73),
(422, NULL, NULL, 218, 69),
(423, NULL, NULL, 219, 69),
(424, NULL, NULL, 220, 67),
(425, NULL, NULL, 220, 3),
(426, NULL, NULL, 221, 67),
(427, NULL, NULL, 221, 3),
(428, NULL, NULL, 222, 67),
(429, NULL, NULL, 222, 3),
(430, NULL, NULL, 223, 67),
(431, NULL, NULL, 223, 3),
(432, NULL, NULL, 197, 67),
(433, NULL, NULL, 197, 3),
(434, NULL, NULL, 198, 72),
(435, NULL, NULL, 199, 67),
(436, NULL, NULL, 199, 72),
(437, NULL, NULL, 96, 3),
(438, NULL, NULL, 97, 3),
(459, NULL, NULL, 224, 15),
(460, NULL, NULL, 224, 25),
(461, NULL, NULL, 225, 15),
(462, NULL, NULL, 226, 25),
(463, NULL, NULL, 226, 96),
(464, NULL, NULL, 227, 41),
(465, NULL, NULL, 228, 34),
(466, NULL, NULL, 229, 25),
(467, NULL, NULL, 229, 96),
(468, NULL, NULL, 229, 34),
(469, NULL, NULL, 229, 41),
(475, NULL, NULL, 230, 16),
(476, NULL, NULL, 231, 28),
(477, NULL, NULL, 231, 35),
(478, NULL, NULL, 232, 27),
(479, NULL, NULL, 232, 32),
(480, NULL, NULL, 233, 27),
(481, NULL, NULL, 233, 28),
(482, NULL, NULL, 233, 32),
(483, NULL, NULL, 233, 35),
(484, NULL, NULL, 234, 25),
(485, NULL, NULL, 235, 25),
(486, NULL, NULL, 235, 41),
(487, NULL, NULL, 236, 25),
(488, NULL, NULL, 236, 41),
(490, NULL, NULL, 237, 22),
(491, NULL, NULL, 238, 32),
(492, NULL, NULL, 238, 34),
(493, NULL, NULL, 239, 34),
(494, NULL, NULL, 239, 39),
(495, NULL, NULL, 240, 34),
(496, NULL, NULL, 240, 39);

-- --------------------------------------------------------

--
-- Table structure for table `nastavnik_drzi_termin_u_rasporedu`
--

CREATE TABLE `nastavnik_drzi_termin_u_rasporedu` (
  `id_termina_drzanje` int(11) NOT NULL,
  `id_nastavnika` int(11) NOT NULL,
  `id_termina_u_rasporedu` int(11) NOT NULL
) ENGINE=InnoDB DEFAULT CHARSET=utf8mb4 COLLATE=utf8mb4_general_ci;

--
-- Dumping data for table `nastavnik_drzi_termin_u_rasporedu`
--

INSERT INTO `nastavnik_drzi_termin_u_rasporedu` (`id_termina_drzanje`, `id_nastavnika`, `id_termina_u_rasporedu`) VALUES
(1, 12, 1),
(2, 10, 1),
(3, 17, 1),
(4, 29, 3),
(5, 3, 5),
(6, 3, 6),
(7, 67, 5),
(8, 67, 6),
(9, 10, 4),
(10, 17, 4),
(11, 65, 7),
(12, 18, 8),
(13, 19, 8),
(14, 20, 8),
(15, 28, 9),
(16, 69, 10),
(17, 33, 11),
(18, 19, 12),
(19, 21, 12),
(20, 5, 13),
(21, 12, 14),
(22, 5, 18),
(23, 6, 18),
(24, 8, 18),
(25, 5, 19),
(26, 6, 19),
(27, 8, 19),
(28, 2, 15),
(29, 8, 16),
(30, 35, 20),
(31, 65, 21),
(32, 73, 22),
(33, 18, 23),
(34, 19, 23),
(35, 20, 23),
(36, 4, 24),
(37, 5, 24),
(38, 8, 24);

-- --------------------------------------------------------

--
-- Table structure for table `organizacione_aktivnosti`
--

CREATE TABLE `organizacione_aktivnosti` (
  `id` bigint(20) UNSIGNED NOT NULL,
  `created_at` timestamp NULL DEFAULT NULL,
  `updated_at` timestamp NULL DEFAULT NULL,
  `naziv` varchar(255) NOT NULL,
  `pocetak` datetime NOT NULL,
  `kraj` datetime NOT NULL
) ENGINE=InnoDB DEFAULT CHARSET=utf8mb4 COLLATE=utf8mb4_unicode_ci;

--
-- Dumping data for table `organizacione_aktivnosti`
--

INSERT INTO `organizacione_aktivnosti` (`id`, `created_at`, `updated_at`, `naziv`, `pocetak`, `kraj`) VALUES
(1, NULL, NULL, 'Бирање предмета', '2023-10-08 00:00:00', '2024-03-29 23:59:00');

-- --------------------------------------------------------

--
-- Table structure for table `organizacione_jedinice`
--

CREATE TABLE `organizacione_jedinice` (
  `id` bigint(20) UNSIGNED NOT NULL,
  `created_at` timestamp NULL DEFAULT NULL,
  `updated_at` timestamp NULL DEFAULT NULL,
  `naziv` varchar(255) NOT NULL,
  `id_sef` int(11) DEFAULT NULL,
  `id_zamenik` int(11) DEFAULT NULL,
  `id_sekretar` int(11) DEFAULT NULL
) ENGINE=InnoDB DEFAULT CHARSET=utf8mb4 COLLATE=utf8mb4_unicode_ci;

--
-- Dumping data for table `organizacione_jedinice`
--

INSERT INTO `organizacione_jedinice` (`id`, `created_at`, `updated_at`, `naziv`, `id_sef`, `id_zamenik`, `id_sekretar`) VALUES
(1, NULL, NULL, 'катедра за енергетске претвараче и погоне', NULL, NULL, NULL),
(2, NULL, NULL, 'катедра за електроенергетске системе', NULL, NULL, NULL),
(3, NULL, NULL, 'катедра за телекомуникације', NULL, NULL, NULL),
(4, NULL, NULL, 'катедра за електронику', NULL, NULL, NULL),
(5, NULL, NULL, 'катедра за сигнале и системе', NULL, NULL, NULL),
(6, NULL, NULL, 'катедра за микроелектронику и техничку физику', NULL, NULL, NULL),
(7, NULL, NULL, 'катедра за општу електротехнику', NULL, NULL, NULL),
(8, NULL, NULL, 'катедра за примењену математику', NULL, NULL, NULL),
(9, NULL, NULL, 'катедра за опште образовање', NULL, NULL, NULL),
(11, NULL, NULL, 'катедра за рачунарску технику и информатику', 12, NULL, 10),
(13, NULL, NULL, 'студентска служба', NULL, NULL, NULL);

-- --------------------------------------------------------

--
-- Table structure for table `ostali_zaposleni`
--

CREATE TABLE `ostali_zaposleni` (
  `id` int(11) NOT NULL,
  `id_korisnik` int(11) NOT NULL,
  `id_organizaciona_jedinica` int(11) NOT NULL,
  `id_prostorija` int(11) NOT NULL
) ENGINE=InnoDB DEFAULT CHARSET=utf8mb4 COLLATE=utf8mb4_general_ci;

--
-- Dumping data for table `ostali_zaposleni`
--

INSERT INTO `ostali_zaposleni` (`id`, `id_korisnik`, `id_organizaciona_jedinica`, `id_prostorija`) VALUES
(2, 92, 13, 8);

-- --------------------------------------------------------

--
-- Table structure for table `ovlascenja`
--

CREATE TABLE `ovlascenja` (
  `id` bigint(20) UNSIGNED NOT NULL,
  `created_at` timestamp NULL DEFAULT NULL,
  `updated_at` timestamp NULL DEFAULT NULL,
  `id_ovlastioca` int(11) NOT NULL,
  `id_ovlascenog` int(11) NOT NULL,
  `sifra_predmeta` varchar(255) NOT NULL,
  `ovlascenje` varchar(255) NOT NULL,
  `pocetak` date NOT NULL,
  `kraj` date DEFAULT NULL
) ENGINE=InnoDB DEFAULT CHARSET=utf8mb4 COLLATE=utf8mb4_unicode_ci;

--
-- Dumping data for table `ovlascenja`
--

INSERT INTO `ovlascenja` (`id`, `created_at`, `updated_at`, `id_ovlastioca`, `id_ovlascenog`, `sifra_predmeta`, `ovlascenje`, `pocetak`, `kraj`) VALUES
(1, NULL, NULL, 17, 10, '13С111АСП1', 'администрација', '2023-03-30', NULL),
(2, NULL, NULL, 46, 58, '13С041ОЕ', 'администрација', '2023-03-30', NULL),
(3, NULL, NULL, 69, 3, '19Е081ММ1', 'администрација', '2023-03-30', NULL),
(4, NULL, NULL, 10, 2, '19Е111П2', 'администрација', '2023-03-30', NULL),
(5, NULL, NULL, 12, 2, '19Е111П2', 'администрација', '2023-03-30', NULL),
(6, NULL, NULL, 17, 2, '19Е111П2', 'администрација', '2023-03-30', NULL),
(7, NULL, NULL, 19, 2, '19Е111ОРТ', 'администрација', '2023-03-30', NULL),
(8, NULL, NULL, 19, 41, '13E112АР', 'администрација', '2023-03-30', NULL),
(9, NULL, NULL, 24, 27, '19Е111УРА', 'администрација', '2023-03-30', NULL),
(10, NULL, NULL, 16, 27, '13E112ОО1', 'администрација', '2023-03-30', NULL);

-- --------------------------------------------------------

--
-- Table structure for table `password_resets`
--

CREATE TABLE `password_resets` (
  `email` varchar(255) NOT NULL,
  `token` varchar(255) NOT NULL,
  `created_at` timestamp NULL DEFAULT NULL
) ENGINE=InnoDB DEFAULT CHARSET=utf8mb4 COLLATE=utf8mb4_unicode_ci;

-- --------------------------------------------------------

--
-- Table structure for table `personal_access_tokens`
--

CREATE TABLE `personal_access_tokens` (
  `id` bigint(20) UNSIGNED NOT NULL,
  `tokenable_type` varchar(255) NOT NULL,
  `tokenable_id` bigint(20) UNSIGNED NOT NULL,
  `name` varchar(255) NOT NULL,
  `token` varchar(64) NOT NULL,
  `abilities` text DEFAULT NULL,
  `last_used_at` timestamp NULL DEFAULT NULL,
  `expires_at` timestamp NULL DEFAULT NULL,
  `created_at` timestamp NULL DEFAULT NULL,
  `updated_at` timestamp NULL DEFAULT NULL
) ENGINE=InnoDB DEFAULT CHARSET=utf8mb4 COLLATE=utf8mb4_unicode_ci;

-- --------------------------------------------------------

--
-- Table structure for table `predmeti`
--

CREATE TABLE `predmeti` (
  `sifra` varchar(255) NOT NULL,
  `created_at` timestamp NULL DEFAULT NULL,
  `updated_at` timestamp NULL DEFAULT NULL,
  `naziv` varchar(255) NOT NULL,
  `fond_casova` varchar(20) NOT NULL,
  `tip_studija` varchar(255) NOT NULL,
  `espb` int(2) NOT NULL,
  `id_katedre` int(11) NOT NULL
) ENGINE=InnoDB DEFAULT CHARSET=utf8mb4 COLLATE=utf8mb4_unicode_ci;

--
-- Dumping data for table `predmeti`
--

INSERT INTO `predmeti` (`sifra`, `created_at`, `updated_at`, `naziv`, `fond_casova`, `tip_studija`, `espb`, `id_katedre`) VALUES
('13E052СИСР', NULL, NULL, 'Сигнали и системи', '3|1|1', 'ОАС', 6, 5),
('13E082ВИСР', NULL, NULL, 'Вероватноћа и статистика', '1|1|0.5', 'ОАС', 3, 8),
('13E082ВС', NULL, NULL, 'Вероватноћа и статистика', '2|2|1', 'ОАС', 6, 8),
('13E092ЕЈ4', NULL, NULL, 'Енглески језик 4', '2|0|0', 'ОАС', 3, 9),
('13E092НЈ4', NULL, NULL, 'Немачки језик 4', '2|0|0', 'ОАС', 3, 9),
('13E092РЈ4', NULL, NULL, 'Руски језик 4', '2|0|0', 'ОАС', 3, 9),
('13E092ФЈ4', NULL, NULL, 'Француски језик 4', '2|0|0', 'ОАС', 3, 9),
('13E112АР', NULL, NULL, 'Архитектура рачунара', '2|2|1', 'ОАС', 6, 11),
('13E112ОО1', NULL, NULL, 'Објектно-оријентисано програмирање 1', '2|2|1', 'ОАС', 6, 11),
('13E112ОО2', NULL, NULL, 'Објектно-оријентисано програмирање 2', '2|2|1', 'ОАС', 6, 11),
('13E112ОРТ2', NULL, NULL, 'Основи рачунарске технике 2', '2|2|1', 'ОАС', 6, 11),
('13E112ОС1', NULL, NULL, 'Оперативни системи 1', '2|2|1', 'ОАС', 6, 11),
('13E112ПОС', NULL, NULL, 'Практикум из Оперативних система', '0|1|0.5', 'ОАС', 3, 11),
('13E112РМ1', NULL, NULL, 'Рачунарске мреже 1', '2|2|1', 'ОАС', 6, 11),
('13Е061ЛФ', NULL, NULL, 'Лабораторијске вежбе из Физике', '0|0|2', 'ОАС', 2, 6),
('13Е061ПФ2', NULL, NULL, 'Практикум из физике 2', '0|0|2', 'ОАС', 2, 6),
('13Е071ЛОЕ', NULL, NULL, 'Лабораторијске вежбе из Основа електротехнике', '0.5|0|1.5', 'ОАС', 2, 7),
('13Е071ПЕ1', NULL, NULL, 'Практикум из Основа електротехнике 1', '1|1|0', 'ОАС', 2, 7),
('13Е071ПЕ2', NULL, NULL, 'Практикум из Основа електротехнике 2', '1|1|0', 'ОАС', 2, 7),
('13Е081ПМ1', NULL, NULL, 'Практикум из Математике 1', '1|1|0', 'ОАС', 2, 8),
('13Е081ПМ2', NULL, NULL, 'Практикум из Математике 2', '1|1|0', 'ОАС', 2, 8),
('13Е082НАД', NULL, NULL, 'Нумеричка анализа и дискретна математика', '2|2|1', 'ОАС', 6, 8),
('13Е091ЕЈ1', NULL, NULL, 'Енглески језик 1', '2|0|0', 'ОАС', 2, 9),
('13Е091ЕЈ2', NULL, NULL, 'Енглески језик 2', '2|0|0', 'ОАС', 2, 9),
('13Е091НЈ1', NULL, NULL, 'Немачки језик 1', '2|0|0', 'ОАС', 2, 9),
('13Е091НЈ2', NULL, NULL, 'Немачки језик 2', '2|0|0', 'ОАС', 2, 9),
('13Е091РЈ1', NULL, NULL, 'Руски језик 1', '2|0|0', 'ОАС', 2, 9),
('13Е091РЈ2', NULL, NULL, 'Руски језик 2', '2|0|0', 'ОАС', 2, 9),
('13Е091С', NULL, NULL, 'Социологија', '2|0|0', 'ОАС', 2, 9),
('13Е091УМ', NULL, NULL, 'Увод у менаџмент', '2|0|0', 'ОАС', 2, 9),
('13Е091ФЈ1', NULL, NULL, 'Француски језик 1', '2|0|0', 'ОАС', 2, 9),
('13Е091ФЈ2', NULL, NULL, 'Француски језик 2', '2|0|0', 'ОАС', 2, 9),
('13Е111ПП1', NULL, NULL, 'Практикум из Програмирања 1', '0|0|2', 'ОАС', 2, 11),
('13Е111ПП2', NULL, NULL, 'Практикум из Програмирања 2', '0|0|2', 'ОАС', 2, 11),
('13Е112АСП', NULL, NULL, 'Алгоритми и структуре података', '3|2|0', 'ОАС', 6, 11),
('13С041ОЕ', NULL, NULL, 'Основи електронике', '2|2|1', 'ОАС', 5, 4),
('13С061Ф', NULL, NULL, 'Физика', '2|2|1', 'ОАС', 5, 6),
('13С081М1', NULL, NULL, 'Математика 1', '3|2|0', 'ОАС', 5, 8),
('13С081М2', NULL, NULL, 'Математика 2', '3|2|0', 'ОАС', 5, 8),
('13С081ПМ1', NULL, NULL, 'Практикум из математике 1', '1|1|0', 'ОАС', 2, 8),
('13С081ПМ2', NULL, NULL, 'Практикум из Математике 2', '1|1|0', 'ОАС', 2, 8),
('13С091ЕЈВ', NULL, NULL, 'Енглески језик виши', '2|0|0', 'ОАС', 2, 9),
('13С091ЕЈВ3', NULL, NULL, 'Енглески језик виши', '2|0|0', 'ОАС', 3, 9),
('13С091ЕЈН', NULL, NULL, 'Енглески језик нижи', '2|0|0', 'ОАС', 3, 9),
('13С091НЈВ', NULL, NULL, 'Немачки језик виши', '2|0|0', 'ОАС', 2, 9),
('13С091НЈН', NULL, NULL, 'Немачки језик нижи', '2|0|0', 'ОАС', 2, 9),
('13С091РЈВ', NULL, NULL, 'Руски језик виши', '2|0|0', 'ОАС', 2, 9),
('13С091РЈН', NULL, NULL, 'Руски језик нижи', '2|0|0', 'ОАС', 2, 9),
('13С091С', NULL, NULL, 'Социологија', '1|1|0', 'ОАС', 2, 9),
('13С091УМ', NULL, NULL, 'Увод у менаџмент', '1|1|0', 'ОАС', 2, 9),
('13С091ФЈВ', NULL, NULL, 'Француски језик виши', '2|0|0', 'ОАС', 2, 9),
('13С091ФЈН', NULL, NULL, 'Француски језик нижи', '2|0|0', 'ОАС', 2, 9),
('13С111АСП1', NULL, NULL, 'Алгоритми и структуре података 1', '2|2|1', 'ОАС', 5, 11),
('13С111ОРТ1', NULL, NULL, 'Основи рачунарске технике 1', '3|2|0', 'ОАС', 5, 11),
('13С111П1', NULL, NULL, 'Програмирање 1', '3|2|0', 'ОАС', 5, 11),
('13С111П2', NULL, NULL, 'Програмирање 2', '3|2|0', 'ОАС', 5, 11),
('13С111ПКР', NULL, NULL, 'Практикум из коришћења рачунара', '1|0|1', 'ОАС', 2, 11),
('13С111ПОРТ', NULL, NULL, 'Практикум из основа рачунарске технике', '0|0|2', 'ОАС', 3, 11),
('13С111ПП1', NULL, NULL, 'Практикум из програмирања 1', '0|0|2', 'ОАС', 3, 11),
('13С111ПП2', NULL, NULL, 'Практикум из програмирања 2', '0|0|2', 'ОАС', 3, 11),
('13С111ППК', NULL, NULL, 'Практикум из пословне комуникације и презентације', '1|0|1', 'ОАС', 2, 11),
('13С111РМФП', NULL, NULL, 'Рачуарско моделовање физичких појава', '1|0|1', 'ОАС', 2, 11),
('19Е011УЕГ', NULL, NULL, 'Увод у електроенергетику', '1.5|0|0.5', 'ОАС', 2, 1),
('19Е03ПУК', NULL, NULL, 'Паметни уређаји и комуникације', '1|0|1', 'ОАС', 2, 3),
('19Е041УЕД', NULL, NULL, 'Увод у електронику и дигиталне системе', '1|0|1', 'ОАС', 2, 4),
('19Е061Ф1', NULL, NULL, 'Физика 1', '3|2|0', 'ОАС', 6, 6),
('19Е061Ф2', NULL, NULL, 'Физика 2', '3|2|0', 'ОАС', 6, 6),
('19Е071ОЕ1', NULL, NULL, 'Основи електротехнике 1', '3|3|0', 'ОАС', 6, 7),
('19Е071ОЕ2', NULL, NULL, 'Основи електротехнике 2', '3|3|0', 'ОАС', 6, 7),
('﻿19Е081ММ1', NULL, NULL, 'Математика 1', '3|3|0', 'ОАС', 6, 8),
('19Е081ММ2', NULL, NULL, 'Математика 2', '3|3|0', 'ОАС', 6, 8),
('19Е111ОРТ', NULL, NULL, 'Основи рачунарске технике', '3|2|0', 'ОАС', 6, 11),
('19Е111П1', NULL, NULL, 'Програмирање 1', '3|2|0.2', 'ОАС', 6, 11),
('19Е111П2', NULL, NULL, 'Програмирање 2', '3|2|0.2', 'ОАС', 6, 11),
('19Е111УРА', NULL, NULL, 'Увод у рачунарство', '1|0|1', 'ОАС', 2, 11);

-- --------------------------------------------------------

--
-- Table structure for table `predmetna_grupa_postoji_u_roku`
--

CREATE TABLE `predmetna_grupa_postoji_u_roku` (
  `id` bigint(20) UNSIGNED NOT NULL,
  `created_at` timestamp NULL DEFAULT NULL,
  `updated_at` timestamp NULL DEFAULT NULL,
  `id_rok` int(11) NOT NULL,
  `id_predmetne_obaveze` int(11) NOT NULL,
  `datum` date DEFAULT NULL,
  `vreme` time DEFAULT NULL,
  `poruka` mediumtext DEFAULT NULL,
  `id_zbornog_mesta` int(11) NOT NULL
) ENGINE=InnoDB DEFAULT CHARSET=utf8mb4 COLLATE=utf8mb4_unicode_ci;

--
-- Dumping data for table `predmetna_grupa_postoji_u_roku`
--

INSERT INTO `predmetna_grupa_postoji_u_roku` (`id`, `created_at`, `updated_at`, `id_rok`, `id_predmetne_obaveze`, `datum`, `vreme`, `poruka`, `id_zbornog_mesta`) VALUES
(16, NULL, NULL, 4, 1, '2023-04-23', '15:00:00', NULL, 0),
(17, NULL, NULL, 4, 2, '2023-04-23', '15:00:00', NULL, 0),
(18, NULL, NULL, 4, 3, '2023-04-23', '15:00:00', NULL, 0),
(19, NULL, NULL, 4, 7, '2023-01-14', '15:00:00', NULL, 0),
(20, NULL, NULL, 4, 8, '2023-01-14', '15:00:00', NULL, 0),
(21, NULL, NULL, 4, 9, '2023-01-14', '15:00:00', NULL, 0),
(22, NULL, NULL, 2, 14, '2023-01-15', '15:00:00', NULL, 0),
(23, NULL, NULL, 2, 15, '2023-01-15', '15:00:00', NULL, 0),
(24, NULL, NULL, 2, 16, '2023-01-15', '15:00:00', NULL, 0),
(25, NULL, NULL, 2, 1, '2023-01-22', '15:00:00', NULL, 0),
(26, NULL, NULL, 2, 2, '2023-01-22', '15:00:00', NULL, 0),
(27, NULL, NULL, 2, 3, '2023-01-22', '15:00:00', NULL, 0),
(28, NULL, NULL, 5, 31, '2023-07-18', '11:30:00', NULL, 3),
(29, NULL, NULL, 2, 9, '2023-04-23', '15:00:00', NULL, 0),
(30, NULL, NULL, 2, 7, '2023-04-23', '15:00:00', NULL, 0),
(31, NULL, NULL, 5, 92, '2023-07-20', '15:00:00', NULL, 0),
(32, NULL, NULL, 4, 31, '2023-07-20', '15:00:00', NULL, 0),
(33, NULL, NULL, 5, 94, '2023-07-20', '15:00:00', NULL, 0),
(34, NULL, NULL, 2, 112, '2023-01-20', '15:00:00', NULL, 0),
(35, NULL, NULL, 2, 4, '2023-01-22', '18:30:00', NULL, 0),
(36, NULL, NULL, 2, 129, '2023-01-25', '18:30:00', NULL, 0),
(37, NULL, NULL, 2, 11, '2023-01-16', '18:30:00', NULL, 0),
(38, NULL, NULL, 5, 50, '2023-07-10', '11:30:00', NULL, 0),
(39, NULL, NULL, 5, 123, '2023-07-03', '18:30:00', NULL, 0),
(40, NULL, NULL, 5, 60, '2023-07-07', '15:00:00', NULL, 0),
(41, NULL, NULL, 5, 119, '2023-07-01', '15:00:00', NULL, 0),
(42, NULL, NULL, 5, 72, '2023-06-30', '18:30:00', NULL, 0),
(43, NULL, NULL, 5, 110, '2023-07-02', '11:30:00', NULL, 0),
(44, NULL, NULL, 5, 125, '2023-07-04', '11:30:00', NULL, 0),
(45, NULL, NULL, 2, 13, '2023-01-24', '11:30:00', NULL, 0),
(46, NULL, NULL, 2, 18, '2023-01-28', '11:30:00', NULL, 0),
(47, NULL, NULL, 2, 130, '2024-01-19', '15:00:00', NULL, 0),
(48, NULL, NULL, 2, 132, '2024-01-19', '15:00:00', NULL, 0),
(49, NULL, NULL, 2, 134, '2024-01-19', '15:00:00', NULL, 0);

-- --------------------------------------------------------

--
-- Table structure for table `predmetne_obaveze`
--

CREATE TABLE `predmetne_obaveze` (
  `id` bigint(20) UNSIGNED NOT NULL,
  `created_at` timestamp NULL DEFAULT NULL,
  `updated_at` timestamp NULL DEFAULT NULL,
  `id_grupe_predmeta` int(11) NOT NULL,
  `naziv` varchar(255) NOT NULL,
  `maks_broj_poena` int(11) NOT NULL,
  `procenat_u_ukupnoj_oceni` int(11) NOT NULL,
  `broj_prilika_za_polaganje` int(11) NOT NULL,
  `opis_pravila` longtext DEFAULT NULL,
  `id_sk` int(11) NOT NULL,
  `jeste_ispit` tinyint(1) NOT NULL,
  `ima_drugi_deo` tinyint(1) NOT NULL
) ENGINE=InnoDB DEFAULT CHARSET=utf8mb4 COLLATE=utf8mb4_unicode_ci;

--
-- Dumping data for table `predmetne_obaveze`
--

INSERT INTO `predmetne_obaveze` (`id`, `created_at`, `updated_at`, `id_grupe_predmeta`, `naziv`, `maks_broj_poena`, `procenat_u_ukupnoj_oceni`, `broj_prilika_za_polaganje`, `opis_pravila`, `id_sk`, `jeste_ispit`, `ima_drugi_deo`) VALUES
(2, NULL, NULL, 10, 'Колоквијум', 60, 30, 2, 'Предиспитна обавеза - колоквијум, колоквијумски викенд и јануарски испитни рок.', 4, 0, 0),
(3, NULL, NULL, 11, 'Колоквијум', 60, 30, 2, 'Предиспитна обавеза - колоквијум, колоквијумски викенд и јануарски испитни рок.', 4, 0, 0),
(4, NULL, NULL, 9, 'Испит', 70, 70, -1, 'Испитна обавеза - испит, у сваком року у ком је дозвољено полагање', 4, 1, 1),
(5, NULL, NULL, 10, 'Испит', 70, 70, -1, 'Предиспитна обавеза - колоквијум, колоквијумски викенд и јануарски испитни рок', 4, 1, 1),
(6, NULL, NULL, 11, 'Испит', 70, 70, -1, 'Предиспитна обавеза - колоквијум, колоквијумски викенд и јануарски испитни рок', 4, 1, 1),
(7, NULL, NULL, 1, 'Колоквијум', 30, 30, 2, 'Предиспитна обавеза - колоквијум, колоквијумски викенд и јануарски испитни рок', 4, 0, 0),
(8, NULL, NULL, 2, 'Колоквијум', 30, 30, 2, 'Предиспитна обавеза - колоквијум, колоквијумски викенд и јануарски испитни рок', 4, 0, 0),
(9, NULL, NULL, 115, 'Колоквијум', 30, 30, 2, 'Предиспитна обавеза - колоквијум, колоквијумски викенд и јануарски испитни рок', 4, 0, 0),
(10, NULL, NULL, 36, 'Лабораторијске вежбе', 40, 40, -2, 'Лабораторијске вежбе - могућа надокнада једне вежбе', 4, 0, 0),
(11, NULL, NULL, 36, 'Испит', 60, 60, -1, 'Испит - целокупно градиво, сваки рок', 4, 1, 0),
(12, NULL, NULL, 38, 'Тест - теорија', 30, 30, -2, 'Израда у другој половини семестра.', 4, 0, 0),
(13, NULL, NULL, 38, 'Испит', 70, 70, -1, 'Градиво са лабораторијских вежби - могућа израда и у предроку.', 4, 1, 0),
(14, NULL, NULL, 1, 'Испит', 70, 70, -1, 'Испитна обавеза - испит, у сваком року у ком је дозвољено полагање', 4, 1, 0),
(15, NULL, NULL, 2, 'Испит', 70, 70, -1, 'Испитна обавеза - испит, у сваком року у ком је дозвољено полагање', 4, 1, 0),
(16, NULL, NULL, 115, 'Испит', 70, 70, -1, 'Испитна обавеза - испит, у сваком року у ком је дозвољено полагање', 4, 1, 0),
(17, NULL, NULL, 46, 'Лабораторијске вежбе', 35, 70, -2, 'Одржавају се у току семестра, у терминима планираним календаром одржавања лабораторијских\r\nвежби. Планирано је одржавање пет домаћих задатака. Један домаћи задатак се задаје из области\r\npicoComputer-a, док се преостала четири домаћа задатка задају из области програмског језика Пајтон.\r\nСваки домаћи задатак носи највише 7 поена.', 4, 0, 0),
(18, NULL, NULL, 46, 'Испит', 15, 30, -1, 'Одржава се у свим испитним роковима предвиђеним наставним календаром. Састоји се од једног\r\nпрограмског задатка који носи 15 поена. Излазак на испит је обавезан. Уколико студент жели да му се\r\nоцена унесе само на основу поена са предиспитних обавеза, мора о томе да путем електронске поште\r\nили на други прописани начин обавести предметног наставника у одговарајућем испитном року у коме\r\nима важећу испитну пријаву.', 4, 1, 0),
(19, NULL, NULL, 128, 'Први колоквијум', 100, 20, 2, 'Градиво: Алгоритми за генерисање случајних бројева, линеарне структуре података.\r\nЈедна надокнада у јунском року.', 4, 0, 0),
(20, NULL, NULL, 129, 'Први колоквијум', 100, 20, 2, 'Градиво: Алгоритми за генерисање случајних бројева, линеарне структуре података.\r\nЈедна надокнада у јунском року.', 4, 0, 0),
(21, NULL, NULL, 130, 'Први колоквијум', 100, 20, 2, 'Градиво: Алгоритми за генерисање случајних бројева, линеарне структуре података.\r\nЈедна надокнада у јунском року.', 4, 0, 0),
(22, NULL, NULL, 131, 'Први колоквијум', 100, 20, 2, 'Градиво: Алгоритми за генерисање случајних бројева, линеарне структуре података.\r\nЈедна надокнада у јунском року.', 4, 0, 0),
(23, NULL, NULL, 128, 'Други колоквијум', 100, 25, 2, 'Градиво: Стабла, компресија података\r\nЈедна надокнада у јунском року.', 4, 0, 0),
(24, NULL, NULL, 129, 'Други колоквијум', 100, 25, 2, 'Градиво: Стабла, компресија података\r\nЈедна надокнада у јунском року.', 4, 0, 0),
(25, NULL, NULL, 130, 'Други колоквијум', 100, 25, 2, 'Градиво: Стабла, компресија података\r\nЈедна надокнада у јунском року.', 4, 0, 0),
(26, NULL, NULL, 131, 'Други колоквијум', 100, 25, 2, 'Градиво: Стабла, компресија података\r\nЈедна надокнада у јунском року.', 4, 0, 0),
(27, NULL, NULL, 128, 'Трећи колоквијум', 100, 25, 1, 'Градиво: Графови', 4, 1, 0),
(28, NULL, NULL, 129, 'Трећи колоквијум', 100, 25, 1, 'Градиво: Графови', 4, 1, 0),
(29, NULL, NULL, 130, 'Трећи колоквијум', 100, 25, 1, 'Градиво: Графови', 4, 1, 0),
(30, NULL, NULL, 131, 'Трећи колоквијум', 100, 25, 1, 'Градиво: Графови', 4, 1, 0),
(31, NULL, NULL, 128, 'Интегрални испит', 100, 70, -4, 'Градиво: Целокупно градиво предмета', 4, 1, 0),
(32, NULL, NULL, 129, 'Интегрални испит', 100, 70, -4, 'Градиво: Целокупно градиво предмета', 4, 1, 0),
(33, NULL, NULL, 130, 'Интегрални испит', 100, 70, -4, 'Градиво: Целокупно градиво предмета', 4, 1, 0),
(34, NULL, NULL, 131, 'Интегрални испит', 100, 70, -4, 'Градиво: Целокупно градиво предмета', 4, 1, 0),
(35, NULL, NULL, 128, 'Лабораторијске вежбе', 100, 10, -2, 'Три лабораторијске вежбе', 4, 0, 0),
(36, NULL, NULL, 129, 'Лабораторијске вежбе', 100, 10, -2, 'Три лабораторијске вежбе', 4, 0, 0),
(37, NULL, NULL, 130, 'Лабораторијске вежбе', 100, 10, -2, 'Три лабораторијске вежбе', 4, 0, 0),
(38, NULL, NULL, 131, 'Лабораторијске вежбе', 100, 10, -2, 'Три лабораторијске вежбе', 4, 0, 0),
(43, NULL, NULL, 128, 'Домаћи задаци', 100, 20, -2, 'Три домаћа задатка.', 4, 0, 0),
(44, NULL, NULL, 129, 'Домаћи задаци', 100, 20, -2, 'Три домаћа задатка.', 4, 0, 0),
(45, NULL, NULL, 130, 'Домаћи задаци', 100, 20, -2, 'Три домаћа задатка.', 4, 0, 0),
(46, NULL, NULL, 131, 'Домаћи задаци', 100, 20, -2, 'Три домаћа задатка.', 4, 0, 0),
(47, NULL, NULL, 64, 'Колоквијум', 60, 30, 2, 'Градиво: Магнетизам. Једна поправка у јунском року, уместо испита.', 4, 0, 0),
(48, NULL, NULL, 65, 'Колоквијум', 60, 30, 2, 'Градиво: Магнетизам. Једна поправка у јунском року, уместо испита.', 4, 0, 0),
(49, NULL, NULL, 66, 'Колоквијум', 60, 30, 2, 'Градиво: Магнетизам. Једна поправка у јунском року, уместо испита.', 4, 0, 0),
(50, NULL, NULL, 64, 'Испит', 70, 70, -1, 'Градиво: Целокупно градиво курса. Обавезан увид у радове.', 4, 1, 1),
(51, NULL, NULL, 65, 'Испит', 70, 70, -1, 'Градиво: Целокупно градиво курса. Обавезан увид у радове.', 4, 1, 1),
(52, NULL, NULL, 66, 'Испит', 70, 70, -1, 'Градиво: Целокупно градиво курса. Обавезан увид у радове.', 4, 1, 1),
(53, NULL, NULL, 9, 'Колоквијум', 60, 30, 2, 'Предиспитна обавеза - колоквијум, колоквијумски викенд и јануарски испитни рок.', 4, 0, 0),
(54, NULL, NULL, 96, 'Први тест', 15, 15, 1, 'Само једно полагање, у току семестра.', 4, 0, 0),
(55, NULL, NULL, 96, 'Други тест', 15, 15, 1, 'Само једно полагање, у току семестра.', 4, 0, 0),
(56, NULL, NULL, 96, 'Испит', 70, 70, -1, 'Могуће полагање у предроку.', 4, 1, 0),
(57, NULL, NULL, 73, 'Колоквијум', 20, 20, 1, NULL, 4, 0, 0),
(58, NULL, NULL, 74, 'Колоквијум', 20, 20, 1, NULL, 4, 0, 0),
(59, NULL, NULL, 75, 'Колоквијум', 20, 20, 1, NULL, 4, 0, 0),
(60, NULL, NULL, 73, 'Испит', 30, 30, -1, 'Може заменити колоквијум, у ком случају ће се рачунати као 50% оцене.', 4, 1, 0),
(61, NULL, NULL, 74, 'Испит', 30, 30, -1, 'Може заменити колоквијум, у ком случају ће се рачунати као 50% оцене.', 4, 1, 0),
(62, NULL, NULL, 75, 'Испит', 30, 30, -1, 'Може заменити колоквијум, у ком случају ће се рачунати као 50% оцене.', 4, 1, 0),
(63, NULL, NULL, 73, 'Домаћи задатак 1', 25, 25, 1, 'Организује се у току семестра, уз могућност надокнаде поена путем поена са другог домаћег.', 4, 0, 0),
(64, NULL, NULL, 74, 'Домаћи задатак 1', 25, 25, 1, 'Организује се у току семестра, уз могућност надокнаде поена путем поена са другог домаћег.', 4, 0, 0),
(65, NULL, NULL, 75, 'Домаћи задатак 1', 25, 25, 1, 'Организује се у току семестра, уз могућност надокнаде поена путем поена са другог домаћег.', 4, 0, 0),
(66, NULL, NULL, 73, 'Домаћи задатак 2', 25, 25, 2, 'На крају семестра, надокнада у августовском року. Мења поене са ДЗ1 ако је боље урађен.', 4, 0, 0),
(67, NULL, NULL, 74, 'Домаћи задатак 2', 25, 25, 2, 'На крају семестра, надокнада у августовском року. Мења поене са ДЗ1 ако је боље урађен.', 4, 0, 0),
(68, NULL, NULL, 75, 'Домаћи задатак 2', 25, 25, 2, 'На крају семестра, надокнада у августовском року. Мења поене са ДЗ1 ако је боље урађен.', 4, 0, 0),
(69, NULL, NULL, 88, 'Колоквијум', 45, 45, 2, 'Надокнада у јунском року у алтернативи са испитом.', 4, 0, 0),
(70, NULL, NULL, 89, 'Колоквијум', 45, 45, 2, 'Надокнада у јунском року у алтернативи са испитом.', 4, 0, 0),
(71, NULL, NULL, 90, 'Колоквијум', 45, 45, 2, 'Надокнада у јунском року у алтернативи са испитом.', 4, 0, 0),
(72, NULL, NULL, 88, 'Испит', 55, 55, -1, NULL, 4, 1, 0),
(73, NULL, NULL, 89, 'Испит', 55, 55, -1, NULL, 4, 1, 0),
(74, NULL, NULL, 90, 'Испит', 55, 55, -1, NULL, 4, 1, 0),
(75, NULL, NULL, 180, 'Први колоквијум', 25, 25, 2, 'Надокнада у термину К2.', 4, 0, 0),
(76, NULL, NULL, 180, 'Други колоквијум', 25, 25, 2, 'Надокнада у јунском року.', 4, 0, 0),
(77, NULL, NULL, 180, 'Испит', 30, 30, -1, NULL, 4, 1, 0),
(78, NULL, NULL, 180, 'Прва лабораторијска вежба', 10, 10, 2, 'Надоканда/поправка у јунском испитном року.', 4, 0, 0),
(79, NULL, NULL, 180, 'Друга лабораторијска вежба', 10, 10, 2, 'Надоканда/поправка у јунском испитном року.', 4, 0, 0),
(80, NULL, NULL, 137, 'Колоквијум', 10, 20, 1, 'Поени са испита у првом року мењају поене са колоквијума.', 4, 0, 0),
(81, NULL, NULL, 138, 'Колоквијум', 10, 20, 1, 'Поени са испита у првом року мењају поене са колоквијума.', 4, 0, 0),
(82, NULL, NULL, 141, 'Колоквијум', 10, 20, 1, 'Поени са испита у првом року мењају поене са колоквијума.', 4, 0, 0),
(83, NULL, NULL, 137, 'Испит', 10, 30, -1, 'Поени у првом року мењају поене са колоквијума.', 4, 1, 0),
(84, NULL, NULL, 138, 'Испит', 10, 30, -1, 'Поени у првом року мењају поене са колоквијума.', 4, 1, 0),
(85, NULL, NULL, 141, 'Испит', 10, 30, -1, 'Поени у првом року мењају поене са колоквијума.', 4, 1, 0),
(86, NULL, NULL, 137, 'Друга лабораторијска вежба', 100, 25, 1, 'Може се поправити поенима са треће лабораторијске вежбе уколико је боље урађена.', 4, 0, 0),
(87, NULL, NULL, 138, 'Друга лабораторијска вежба', 100, 25, 1, 'Може се поправити поенима са треће лабораторијске вежбе уколико је боље урађена.', 4, 0, 0),
(88, NULL, NULL, 141, 'Друга лабораторијска вежба', 100, 25, 1, 'Може се поправити поенима са треће лабораторијске вежбе уколико је боље урађена.', 4, 0, 0),
(89, NULL, NULL, 137, 'Трећа лабораторијска вежба', 100, 25, 2, 'У редовном термину мења поене са друге лабораторијске вежбе, у поправном термину поправљају се само поени који се односе на Л3.', 4, 0, 0),
(90, NULL, NULL, 138, 'Трећа лабораторијска вежба', 100, 25, 2, 'У редовном термину мења поене са друге лабораторијске вежбе, у поправном термину поправљају се само поени који се односе на Л3.', 4, 0, 0),
(91, NULL, NULL, 141, 'Трећа лабораторијска вежба', 100, 25, 2, 'У редовном термину мења поене са друге лабораторијске вежбе, у поправном термину поправљају се само поени који се односе на Л3.', 4, 0, 0),
(92, NULL, NULL, 146, 'Трећи колоквијум', 35, 35, -1, NULL, 4, 1, 0),
(93, NULL, NULL, 148, 'Трећи колоквијум', 35, 35, -1, NULL, 4, 1, 0),
(94, NULL, NULL, 149, 'Трећи колоквијум', 35, 35, -1, NULL, 4, 1, 0),
(95, NULL, NULL, 150, 'Трећи колоквијум', 35, 35, -1, NULL, 4, 1, 0),
(96, NULL, NULL, 158, 'Тест - теорија', 30, 30, -2, 'Израда у другој половини семестра.', 4, 0, 0),
(97, NULL, NULL, 159, 'Тест - теорија', 30, 30, -2, 'Израда у другој половини семестра.', 4, 0, 0),
(98, NULL, NULL, 160, 'Тест - теорија', 30, 30, -2, 'Израда у другој половини семестра.', 4, 0, 0),
(99, NULL, NULL, 158, 'Испит', 70, 70, -1, 'Градиво са лабораторијских вежби - могућа израда и у предроку.', 4, 1, 0),
(100, NULL, NULL, 159, 'Испит', 70, 70, -1, 'Градиво са лабораторијских вежби - могућа израда и у предроку.', 4, 1, 0),
(101, NULL, NULL, 160, 'Испит', 70, 70, -1, 'Градиво са лабораторијских вежби - могућа израда и у предроку.', 4, 1, 0),
(102, NULL, NULL, 208, 'Први колоквијум', 20, 20, 2, 'Надокнада у термину другог колоквијума.', 5, 0, 0),
(103, NULL, NULL, 208, 'Други колоквијум', 20, 20, 2, 'Надокнада у термину испита у јануарском року, уместо испита.', 5, 0, 0),
(104, NULL, NULL, 208, 'Прва лабораторијска вежба', 10, 10, -2, 'пројектовање уређаја – PS/2 протокол', 5, 0, 0),
(105, NULL, NULL, 208, 'Друга лабораторијска вежба', 5, 5, -2, 'пројектовање уређаја – VG', 5, 0, 0),
(106, NULL, NULL, 208, 'Трећа лабораторијска вежба', 5, 5, -2, 'Архитектура и организација рачунара - инструкције преноса, \r\nаритметичке, логичке, померачке инструкције и инструкције скока', 5, 0, 0),
(107, NULL, NULL, 208, 'Четврта лабораторијска вежба', 10, 10, -2, 'Архитектура и организација рачунара - пројектовање дела процесора', 5, 0, 0),
(108, NULL, NULL, 208, 'Испит', 30, 30, -1, NULL, 5, 1, 0),
(109, NULL, NULL, 104, 'Предиспитне обавезе', 70, 70, -2, 'Домаћи и тестови у току семестра.', 4, 0, 0),
(110, NULL, NULL, 104, 'Испит', 30, 30, -1, NULL, 4, 1, 0),
(111, NULL, NULL, 18, 'Колоквијум', 100, 33, -1, NULL, 4, 0, 0),
(112, NULL, NULL, 18, 'Испит', 100, 67, -1, NULL, 4, 1, 0),
(113, NULL, NULL, 82, 'Лабораторијске вежбе - први циклус', 30, 30, -2, NULL, 4, 0, 0),
(114, NULL, NULL, 83, 'Лабораторијске вежбе - први циклус', 30, 30, -2, NULL, 4, 0, 0),
(115, NULL, NULL, 84, 'Лабораторијске вежбе - први циклус', 30, 30, -2, NULL, 4, 0, 0),
(116, NULL, NULL, 82, 'Лабораторијске вежбе - други циклус', 30, 30, -2, NULL, 4, 0, 0),
(117, NULL, NULL, 83, 'Лабораторијске вежбе - други циклус', 30, 30, -2, NULL, 4, 0, 0),
(118, NULL, NULL, 84, 'Лабораторијске вежбе - други циклус', 30, 30, -2, NULL, 4, 0, 0),
(119, NULL, NULL, 82, 'Испит', 40, 40, -1, NULL, 4, 1, 0),
(120, NULL, NULL, 83, 'Испит', 40, 40, -1, NULL, 4, 1, 0),
(121, NULL, NULL, 84, 'Испит', 40, 40, -1, NULL, 4, 1, 0),
(122, NULL, NULL, 55, 'Колоквијум', 30, 30, 2, NULL, 4, 0, 0),
(123, NULL, NULL, 55, 'Испит', 100, 70, -1, NULL, 4, 1, 0),
(124, NULL, NULL, 98, 'Лабораторијске вежбе', 35, 70, -2, 'Одржавају се у току семестра, у терминима планираним календаром одржавања лабораторијских\r\nвежби. Планирано је одржавање пет домаћих задатака.', 4, 0, 0),
(125, NULL, NULL, 98, 'Испит', 15, 30, -1, 'Одржава се у свим испитним роковима предвиђеним наставним календаром. Састоји се од једног\r\nпрограмског задатка који носи 15 поена. Излазак на испит је обавезан. Уколико студент жели да му се\r\nоцена унесе само на основу поена са предиспитних обавеза, мора о томе да путем електронске поште\r\nили на други прописани начин обавести предметног наставника у одговарајућем испитном року у коме\r\nима важећу испитну пријаву.', 4, 1, 0),
(126, NULL, NULL, 27, 'Колоквијум', 30, 30, 3, NULL, 4, 0, 0),
(127, NULL, NULL, 27, 'Први домаћи задатак', 25, 25, -2, NULL, 4, 0, 0),
(128, NULL, NULL, 27, 'Други домаћи задатак', 25, 25, -2, NULL, 4, 0, 0),
(129, NULL, NULL, 27, 'Испит', 20, 20, -1, NULL, 4, 1, 0),
(130, NULL, NULL, 119, 'Први колоквијум', 100, 30, 6, NULL, 4, 0, 0),
(131, NULL, NULL, 120, 'Први колоквијум', 100, 30, 6, NULL, 4, 0, 0),
(132, NULL, NULL, 119, 'Други колоквијум', 100, 35, 2, NULL, 4, 0, 0),
(133, NULL, NULL, 120, 'Други колоквијум', 100, 35, 2, NULL, 4, 0, 0),
(134, NULL, NULL, 119, 'Трећи колоквијум', 100, 35, 1, NULL, 4, 1, 0),
(135, NULL, NULL, 120, 'Трећи колоквијум', 100, 35, 1, NULL, 4, 1, 0),
(136, NULL, NULL, 119, 'Испит', 100, 70, -3, NULL, 4, 1, 0),
(137, NULL, NULL, 120, 'Испит', 100, 70, -3, NULL, 4, 1, 0),
(138, NULL, NULL, 146, 'Први колоквијум', 30, 30, 2, NULL, 4, 0, 0),
(139, NULL, NULL, 148, 'Први колоквијум', 30, 30, 2, NULL, 4, 0, 0),
(140, NULL, NULL, 149, 'Први колоквијум', 30, 30, 2, NULL, 4, 0, 0),
(141, NULL, NULL, 150, 'Први колоквијум', 30, 30, 2, NULL, 4, 0, 0),
(142, NULL, NULL, 146, 'Други колоквијум', 35, 35, 2, NULL, 4, 0, 0),
(143, NULL, NULL, 148, 'Други колоквијум', 35, 35, 2, NULL, 4, 0, 0),
(144, NULL, NULL, 149, 'Други колоквијум', 35, 35, 2, NULL, 4, 0, 0),
(145, NULL, NULL, 150, 'Други колоквијум', 35, 35, 2, NULL, 4, 0, 0),
(146, NULL, NULL, 176, 'Лабораторијска вежба 1', 15, 15, 1, NULL, 4, 0, 0),
(147, NULL, NULL, 176, 'Лабораторијска вежба 2', 15, 15, 1, NULL, 4, 0, 0),
(148, NULL, NULL, 176, 'Домаћи задатак 1', 10, 10, 1, 'CV', 4, 0, 0),
(149, NULL, NULL, 176, 'Домаћи задатак 2', 20, 20, 1, 'PPTX', 4, 0, 0),
(150, NULL, NULL, 176, 'Испит', 40, 40, -1, NULL, 4, 1, 0);

-- --------------------------------------------------------

--
-- Table structure for table `predmetni_spiskovi`
--

CREATE TABLE `predmetni_spiskovi` (
  `id` bigint(20) UNSIGNED NOT NULL,
  `created_at` timestamp NULL DEFAULT NULL,
  `updated_at` timestamp NULL DEFAULT NULL,
  `id_predmetna_grupa` int(11) NOT NULL,
  `naziv` varchar(255) NOT NULL,
  `poruka` varchar(255) NOT NULL,
  `kraj_prijava` datetime NOT NULL,
  `id_autor` int(11) NOT NULL
) ENGINE=InnoDB DEFAULT CHARSET=utf8mb4 COLLATE=utf8mb4_unicode_ci;

--
-- Dumping data for table `predmetni_spiskovi`
--

INSERT INTO `predmetni_spiskovi` (`id`, `created_at`, `updated_at`, `id_predmetna_grupa`, `naziv`, `poruka`, `kraj_prijava`, `id_autor`) VALUES
(1, NULL, NULL, 117, 'Први домаћи задатак', 'Пријава за први домаћи задатак. Предаја до дан пред одбрану.', '2023-05-14 18:00:00', 2);

-- --------------------------------------------------------

--
-- Table structure for table `predmet_pripada_grupi_za_biranje`
--

CREATE TABLE `predmet_pripada_grupi_za_biranje` (
  `id` bigint(20) UNSIGNED NOT NULL,
  `created_at` timestamp NULL DEFAULT NULL,
  `updated_at` timestamp NULL DEFAULT NULL,
  `id_drzanje` varchar(255) NOT NULL,
  `id_grupe` int(11) NOT NULL
) ENGINE=InnoDB DEFAULT CHARSET=utf8mb4 COLLATE=utf8mb4_unicode_ci;

--
-- Dumping data for table `predmet_pripada_grupi_za_biranje`
--

INSERT INTO `predmet_pripada_grupi_za_biranje` (`id`, `created_at`, `updated_at`, `id_drzanje`, `id_grupe`) VALUES
(1, NULL, NULL, '6', 1),
(2, NULL, NULL, '7', 1),
(3, NULL, NULL, '8', 1),
(4, NULL, NULL, '9', 1),
(5, NULL, NULL, '9', 2),
(6, NULL, NULL, '10', 1),
(7, NULL, NULL, '10', 2),
(8, NULL, NULL, '11', 1),
(9, NULL, NULL, '11', 2),
(10, NULL, NULL, '12', 1),
(11, NULL, NULL, '12', 2),
(12, NULL, NULL, '13', 1),
(13, NULL, NULL, '14', 1),
(14, NULL, NULL, '19', 3),
(15, NULL, NULL, '20', 3),
(16, NULL, NULL, '21', 4),
(17, NULL, NULL, '22', 4),
(18, NULL, NULL, '23', 4),
(19, NULL, NULL, '23', 11),
(20, NULL, NULL, '24', 4),
(21, NULL, NULL, '24', 11),
(22, NULL, NULL, '25', 4),
(23, NULL, NULL, '25', 11),
(24, NULL, NULL, '26', 4),
(25, NULL, NULL, '26', 11),
(26, NULL, NULL, '27', 4),
(27, NULL, NULL, '28', 4),
(28, NULL, NULL, '29', 4),
(29, NULL, NULL, '30', 4),
(30, NULL, NULL, '31', 4),
(31, NULL, NULL, '32', 4),
(32, NULL, NULL, '38', 5),
(33, NULL, NULL, '39', 5),
(34, NULL, NULL, '40', 6),
(35, NULL, NULL, '41', 6),
(36, NULL, NULL, '42', 6),
(37, NULL, NULL, '48', 7),
(38, NULL, NULL, '49', 7),
(39, NULL, NULL, '50', 7),
(40, NULL, NULL, '51', 7),
(41, NULL, NULL, '52', 7),
(42, NULL, NULL, '53', 7),
(43, NULL, NULL, '54', 7),
(44, NULL, NULL, '56', 8),
(45, NULL, NULL, '57', 8),
(46, NULL, NULL, '58', 8),
(47, NULL, NULL, '59', 8),
(49, NULL, NULL, '69', 10),
(51, NULL, NULL, '70', 10),
(52, NULL, NULL, '71', 9),
(53, NULL, NULL, '72', 9),
(54, NULL, NULL, '72', 12),
(55, NULL, NULL, '73', 9),
(56, NULL, NULL, '73', 12),
(57, NULL, NULL, '74', 9),
(58, NULL, NULL, '74', 12),
(59, NULL, NULL, '75', 9),
(60, NULL, NULL, '75', 12),
(121, NULL, NULL, '39', 14),
(122, NULL, NULL, '48', 14);

-- --------------------------------------------------------

--
-- Table structure for table `programi`
--

CREATE TABLE `programi` (
  `id` bigint(20) UNSIGNED NOT NULL,
  `created_at` timestamp NULL DEFAULT NULL,
  `updated_at` timestamp NULL DEFAULT NULL,
  `naziv` varchar(255) NOT NULL,
  `natprogram` int(11) DEFAULT NULL,
  `skracenica` varchar(10) NOT NULL,
  `id_statut` int(11) NOT NULL
) ENGINE=InnoDB DEFAULT CHARSET=utf8mb4 COLLATE=utf8mb4_unicode_ci;

--
-- Dumping data for table `programi`
--

INSERT INTO `programi` (`id`, `created_at`, `updated_at`, `naziv`, `natprogram`, `skracenica`, `id_statut`) VALUES
(1, NULL, NULL, 'Електротехника и рачунарство', NULL, 'ЕР', 1),
(2, NULL, NULL, 'Софтверско инжењерство', NULL, 'СИ', 2),
(3, NULL, NULL, 'модул Рачунарска техника и информатика', 1, 'ИР', 1);

-- --------------------------------------------------------

--
-- Table structure for table `prostorije`
--

CREATE TABLE `prostorije` (
  `id` bigint(20) UNSIGNED NOT NULL,
  `created_at` timestamp NULL DEFAULT NULL,
  `updated_at` timestamp NULL DEFAULT NULL,
  `id_zgrade` int(11) NOT NULL,
  `pun_naziv` varchar(255) NOT NULL,
  `skraceni_naziv` varchar(255) NOT NULL,
  `lokacija` varchar(255) NOT NULL,
  `opis_prostorije` varchar(255) NOT NULL,
  `nastavna` tinyint(4) NOT NULL,
  `kapacitet` int(11) NOT NULL,
  `kapacitet_ispit` int(11) DEFAULT NULL,
  `ispitna` tinyint(1) NOT NULL,
  `racunarska` tinyint(4) NOT NULL
) ENGINE=InnoDB DEFAULT CHARSET=utf8mb4 COLLATE=utf8mb4_unicode_ci;

--
-- Dumping data for table `prostorije`
--

INSERT INTO `prostorije` (`id`, `created_at`, `updated_at`, `id_zgrade`, `pun_naziv`, `skraceni_naziv`, `lokacija`, `opis_prostorije`, `nastavna`, `kapacitet`, `kapacitet_ispit`, `ispitna`, `racunarska`) VALUES
(1, NULL, NULL, 1, 'Амфитеатар 56, Никола Тесла', '56', 'Приземље', 'Амфитеатар Никола Тесла', 1, 180, 40, 1, 0),
(2, NULL, NULL, 1, 'Амфитеатар 65, Михајло Пупин', '65', 'Приземље', 'Амфитеатар Михајло Пупин', 1, 180, 40, 1, 0),
(3, NULL, NULL, 1, 'Кабинет 37', '37', 'Подрум', 'Канцеларија десно од КСТ-а', 0, 6, NULL, 0, 0),
(4, NULL, NULL, 1, 'Лабораторија 60', '60', 'Приземље', 'Рачунарска лабораторија', 1, 28, 28, 1, 1),
(5, NULL, NULL, 3, 'Велики амфитеатар, Машински факултет', 'ВМА', 'Приземље', 'Велики амфитеатар на Машинском факултету', 0, 300, 80, 1, 0),
(6, NULL, NULL, 3, 'Амфитеатар 208, Машински факултет', 'М208', 'Први спрат, десно', 'Амфитеатар 208 на Машинском факултету', 0, 300, 80, 1, 0),
(7, NULL, NULL, 1, 'Сала 57', '57', 'Приземље', 'Сала 57', 1, 120, 28, 1, 0),
(8, NULL, NULL, 1, 'Соба 92', '92', 'Приземље', 'Соба 92', 0, 4, NULL, 0, 0),
(9, NULL, NULL, 1, 'Лабораторија 70', '70', 'Приземље', 'Рачунарска лабораторија', 1, 60, 60, 1, 1),
(10, NULL, NULL, 4, 'Лабораторија П26', 'П26', 'Први спрат - лево', 'Рачунарска лабораторија', 0, 40, 40, 1, 1),
(11, NULL, NULL, 1, 'Сала 61', '61', 'Приземље', 'Сала за наставу', 1, 40, 10, 1, 0),
(12, NULL, NULL, 1, 'Сала 311', '311', '3. спрат', 'Сала за наставу', 1, 50, 15, 1, 0),
(13, NULL, NULL, 1, 'Сала 308', '308', '3. спрат', 'Сала за наставу', 1, 40, 10, 1, 0),
(14, NULL, NULL, 1, 'Лабораторијски блок А', 'Лаб-а', 'приземље', 'Сала за лабораторијске вежбе', 1, 20, 0, 0, 0);

-- --------------------------------------------------------

--
-- Table structure for table `raspored_casova`
--

CREATE TABLE `raspored_casova` (
  `id_termina_u_rasporedu` int(11) NOT NULL,
  `dan` int(11) NOT NULL COMMENT '0 - pon ... 4-pet',
  `vreme_pocetka` time NOT NULL,
  `vreme_kraja` time DEFAULT NULL,
  `sifra_predmeta` varchar(30) CHARACTER SET utf8mb4 COLLATE utf8mb4_unicode_ci NOT NULL,
  `id_prostorije` int(11) NOT NULL,
  `grupa` varchar(5) NOT NULL,
  `parnost` tinyint(4) DEFAULT -1,
  `semestar` tinyint(4) NOT NULL COMMENT '0 - zimski, 1 - letnji'
) ENGINE=InnoDB DEFAULT CHARSET=utf8mb4 COLLATE=utf8mb4_general_ci;

--
-- Dumping data for table `raspored_casova`
--

INSERT INTO `raspored_casova` (`id_termina_u_rasporedu`, `dan`, `vreme_pocetka`, `vreme_kraja`, `sifra_predmeta`, `id_prostorije`, `grupa`, `parnost`, `semestar`) VALUES
(1, 0, '09:00:00', '12:00:00', '13С111П2', 11, 'П1', -1, 1),
(2, 0, '12:00:00', '14:00:00', '13С091ЕЈВ', 11, 'П1', -1, 1),
(3, 1, '08:00:00', '10:00:00', '13С111ОРТ1', 11, 'В1', -1, 1),
(4, 1, '10:00:00', '12:00:00', '13С111АСП1', 11, 'П1', -1, 1),
(5, 1, '12:00:00', '13:00:00', '13С081ПМ2', 12, 'П1', -1, 1),
(6, 1, '13:00:00', '14:00:00', '13С081ПМ2', 12, 'В1', -1, 1),
(7, 2, '08:00:00', '11:00:00', '13С081М2', 11, 'П1', -1, 1),
(8, 2, '11:00:00', '14:00:00', '13С111ОРТ1', 11, 'П1', -1, 1),
(9, 3, '10:00:00', '12:00:00', '13С111П2', 9, 'В1', -1, 1),
(10, 3, '12:00:00', '14:00:00', '13С081М2', 13, 'В1', -1, 1),
(11, 4, '12:00:00', '14:00:00', '13С111АСП1', 11, 'В1', -1, 1),
(12, 4, '18:00:00', '20:00:00', '13С111ППК', 11, 'П1', -1, 1),
(13, 0, '08:00:00', '11:00:00', '19Е071ОЕ2', 1, 'П1', -1, 1),
(14, 0, '13:00:00', '16:00:00', '19Е111П2', 2, 'П1', -1, 1),
(15, 1, '10:00:00', '12:00:00', '19Е111ОРТ', 1, 'В1', -1, 1),
(16, 1, '18:00:00', '21:00:00', '19Е071ОЕ2', 2, 'В1', -1, 1),
(17, 1, '18:00:00', '20:00:00', '13Е091ЕЈ2', 1, 'П1', -1, 1),
(18, 1, '08:00:00', '09:00:00', '13Е071ПЕ2', 1, 'П1', -1, 1),
(19, 1, '09:00:00', '10:00:00', '13Е071ПЕ2', 1, 'В1', -1, 1),
(20, 2, '12:00:00', '14:00:00', '19Е111П2', 9, 'В1', -1, 1),
(21, 2, '14:00:00', '17:00:00', '19Е081ММ2', 2, 'П1', -1, 1),
(22, 3, '09:00:00', '12:00:00', '19Е081ММ2', 1, 'В1', -1, 1),
(23, 4, '08:00:00', '11:00:00', '19Е111ОРТ', 1, 'П1', -1, 1),
(24, 4, '21:00:00', '22:00:00', '13Е071ЛОЕ ', 14, 'П1', 0, 1);

-- --------------------------------------------------------

--
-- Table structure for table `rokovi`
--

CREATE TABLE `rokovi` (
  `id` bigint(20) UNSIGNED NOT NULL,
  `created_at` timestamp NULL DEFAULT NULL,
  `updated_at` timestamp NULL DEFAULT NULL,
  `naziv` varchar(255) NOT NULL,
  `naziv_skraceno` varchar(255) NOT NULL,
  `pocetak_prijave` datetime NOT NULL,
  `kraj_prijave` datetime NOT NULL,
  `pocetak_roka` datetime NOT NULL,
  `kraj_roka` datetime NOT NULL,
  `ispitni` tinyint(1) NOT NULL,
  `arhiviran` tinyint(4) NOT NULL DEFAULT 0
) ENGINE=InnoDB DEFAULT CHARSET=utf8mb4 COLLATE=utf8mb4_unicode_ci;

--
-- Dumping data for table `rokovi`
--

INSERT INTO `rokovi` (`id`, `created_at`, `updated_at`, `naziv`, `naziv_skraceno`, `pocetak_prijave`, `kraj_prijave`, `pocetak_roka`, `kraj_roka`, `ispitni`, `arhiviran`) VALUES
(2, '2023-02-28 21:19:35', '2023-02-28 21:19:35', 'Јануарски испитни рок 2022/2023', 'јануар 2022/23', '2022-12-21 00:00:00', '2024-06-30 23:59:59', '2023-01-14 00:00:00', '2024-12-30 23:59:59', 1, 0),
(3, '2023-02-28 21:19:35', '2023-02-28 21:19:35', 'Јануарски испитни рок 2022/2023 - тест', 'јануар 2022/23', '2022-12-21 00:00:00', '2024-07-26 23:59:59', '2023-01-14 00:00:00', '2024-01-29 23:56:33', 1, 1),
(4, '2023-02-28 21:19:35', '2023-02-28 21:19:35', 'Колоквијуми 2022/23 - јесењи семестар', 'колоквијуми 2022/23 - зимски', '2023-03-18 00:00:00', '2024-11-30 23:59:59', '2023-04-08 00:00:00', '2023-07-26 23:59:59', 0, 1),
(5, '2023-02-28 21:19:35', '2023-02-28 21:19:35', 'Јулски испитни рок 2022/2023', 'јул 2022/23', '2023-07-09 00:00:00', '2024-12-30 23:59:59', '2023-07-15 00:00:00', '2024-12-30 23:59:59', 1, 0),
(6, '2023-02-28 21:19:35', '2023-02-28 21:19:35', 'Јунски испитни рок 2023/2024', 'јун 2023/24', '2024-05-15 00:00:00', '2024-05-20 23:59:59', '2023-06-03 00:00:00', '2024-06-16 23:59:59', 1, 0);

-- --------------------------------------------------------

--
-- Table structure for table `sale_za_termine_za_predmetni_spisak`
--

CREATE TABLE `sale_za_termine_za_predmetni_spisak` (
  `id` bigint(20) UNSIGNED NOT NULL,
  `created_at` timestamp NULL DEFAULT NULL,
  `updated_at` timestamp NULL DEFAULT NULL,
  `id_termin` int(11) NOT NULL,
  `id_prostorija` int(11) NOT NULL,
  `kapacitet` tinyint(4) NOT NULL
) ENGINE=InnoDB DEFAULT CHARSET=utf8mb4 COLLATE=utf8mb4_unicode_ci;

--
-- Dumping data for table `sale_za_termine_za_predmetni_spisak`
--

INSERT INTO `sale_za_termine_za_predmetni_spisak` (`id`, `created_at`, `updated_at`, `id_termin`, `id_prostorija`, `kapacitet`) VALUES
(1, NULL, NULL, 1, 4, 0);

-- --------------------------------------------------------

--
-- Table structure for table `skolska_godina`
--

CREATE TABLE `skolska_godina` (
  `id` bigint(20) UNSIGNED NOT NULL,
  `created_at` timestamp NULL DEFAULT NULL,
  `updated_at` timestamp NULL DEFAULT NULL,
  `naziv` varchar(255) NOT NULL,
  `pocetak` date NOT NULL,
  `kraj` date NOT NULL,
  `pocetak_zimski` date DEFAULT NULL,
  `kraj_zimski` date DEFAULT NULL,
  `pocetak_letnji` date DEFAULT NULL,
  `kraj_letnji` date DEFAULT NULL
) ENGINE=InnoDB DEFAULT CHARSET=utf8mb4 COLLATE=utf8mb4_unicode_ci;

--
-- Dumping data for table `skolska_godina`
--

INSERT INTO `skolska_godina` (`id`, `created_at`, `updated_at`, `naziv`, `pocetak`, `kraj`, `pocetak_zimski`, `kraj_zimski`, `pocetak_letnji`, `kraj_letnji`) VALUES
(1, NULL, NULL, '2019/2020', '2019-10-01', '2020-09-30', NULL, NULL, NULL, NULL),
(2, NULL, NULL, '2020/2021', '2020-10-01', '2021-09-30', NULL, NULL, NULL, NULL),
(3, NULL, NULL, '2021/2022', '2021-10-01', '2022-09-30', NULL, NULL, NULL, NULL),
(4, NULL, NULL, '2022/2023', '2022-10-01', '2024-05-31', NULL, NULL, NULL, NULL),
(5, NULL, NULL, '2023/2024', '2024-06-01', '2024-09-30', '2023-10-01', '2024-02-18', '2024-02-19', '2024-09-30');

-- --------------------------------------------------------

--
-- Table structure for table `slusanje`
--

CREATE TABLE `slusanje` (
  `id` bigint(20) UNSIGNED NOT NULL,
  `created_at` timestamp NULL DEFAULT NULL,
  `updated_at` timestamp NULL DEFAULT NULL,
  `id_drzanje` int(11) NOT NULL,
  `id_upis` int(11) NOT NULL,
  `put` int(11) NOT NULL,
  `cena` int(11) DEFAULT NULL,
  `grupa_predavanja` int(11) DEFAULT NULL,
  `grupa_vezbe` int(11) DEFAULT NULL,
  `grupa_don` int(11) DEFAULT NULL
) ENGINE=InnoDB DEFAULT CHARSET=utf8mb4 COLLATE=utf8mb4_unicode_ci;

--
-- Dumping data for table `slusanje`
--

INSERT INTO `slusanje` (`id`, `created_at`, `updated_at`, `id_drzanje`, `id_upis`, `put`, `cena`, `grupa_predavanja`, `grupa_vezbe`, `grupa_don`) VALUES
(1606, '2023-07-09 18:20:14', '2023-07-09 18:20:14', 34, 5, 1, NULL, 188, 188, 188),
(1607, '2023-07-09 18:20:14', '2023-07-09 18:20:14', 35, 5, 1, NULL, NULL, NULL, NULL),
(1608, '2023-07-09 18:20:14', '2023-07-09 18:20:14', 33, 5, 1, NULL, NULL, NULL, NULL),
(1609, '2023-07-09 18:20:14', '2023-07-09 18:20:14', 36, 5, 1, NULL, 119, 119, NULL),
(1610, '2023-07-09 18:20:14', '2023-07-09 18:20:14', 37, 5, 1, NULL, 157, NULL, 157),
(1611, '2023-07-09 18:20:14', '2023-07-09 18:20:14', 43, 5, 1, NULL, NULL, NULL, NULL),
(1612, '2023-07-09 18:20:14', '2023-07-09 18:20:14', 44, 5, 1, NULL, 128, 128, 128),
(1613, '2023-07-09 18:20:14', '2023-07-09 18:20:14', 45, 5, 1, NULL, 146, 146, NULL),
(1614, '2023-07-09 18:20:14', '2023-07-09 18:20:14', 46, 5, 1, NULL, 168, 168, NULL),
(1615, '2023-07-09 18:20:14', '2023-07-09 18:20:14', 55, 5, 1, NULL, 166, NULL, 166),
(1616, '2023-07-09 18:20:14', '2023-07-09 18:20:14', 47, 5, 1, NULL, 162, NULL, 162),
(1617, '2023-07-09 18:20:14', '2023-07-09 18:20:14', 41, 5, 1, NULL, NULL, NULL, NULL),
(1618, '2023-07-09 18:20:15', '2023-07-09 18:20:15', 40, 5, 1, NULL, 158, NULL, 158),
(1619, '2023-07-09 18:20:15', '2023-07-09 18:20:15', 39, 5, 1, NULL, NULL, NULL, NULL),
(1620, '2023-07-09 18:20:15', '2023-07-09 18:20:15', 50, 5, 1, NULL, NULL, NULL, NULL),
(1621, '2023-07-09 18:20:15', '2023-07-09 18:20:15', 56, 5, 1, NULL, NULL, NULL, NULL),
(1637, '2023-07-09 20:11:24', '2023-07-09 20:11:24', 3, 6, 1, NULL, 18, 18, NULL),
(1638, '2023-07-09 20:11:24', '2023-07-09 20:11:24', 2, 6, 1, NULL, 9, 9, NULL),
(1639, '2023-07-09 20:11:24', '2023-07-09 20:11:24', 1, 6, 1, NULL, 1, 6, NULL),
(1640, '2023-07-09 20:11:24', '2023-07-09 20:11:24', 4, 6, 1, NULL, 27, 27, 27),
(1641, '2023-07-09 20:11:24', '2023-07-09 20:11:24', 5, 6, 1, NULL, 36, NULL, 36),
(1642, '2023-07-09 20:11:24', '2023-07-09 20:11:24', 16, 6, 1, NULL, 64, 64, NULL),
(1643, '2023-07-09 20:11:24', '2023-07-09 20:11:24', 15, 6, 1, NULL, 55, 55, NULL),
(1644, '2023-07-09 20:11:24', '2023-07-09 20:11:24', 17, 6, 1, NULL, 73, 73, 73),
(1645, '2023-07-09 20:11:24', '2023-07-09 20:11:24', 18, 6, 1, NULL, 82, NULL, 82),
(1646, '2023-07-09 20:11:24', '2023-07-09 20:11:24', 6, 6, 1, NULL, 38, NULL, 38),
(1647, '2023-07-09 20:11:24', '2023-07-09 20:11:24', 9, 6, 1, NULL, 48, NULL, NULL),
(1648, '2023-07-09 20:11:24', '2023-07-09 20:11:24', 20, 6, 1, NULL, 88, 88, NULL),
(1649, '2023-07-09 20:11:24', '2023-07-09 20:11:24', 28, 6, 1, NULL, 106, NULL, NULL),
(1650, '2023-07-09 20:11:24', '2023-07-09 20:11:24', 23, 6, 1, NULL, 100, NULL, NULL),
(1663, '2023-07-09 20:23:20', '2023-07-09 20:23:20', 3, 7, 1, NULL, 18, 18, NULL),
(1664, '2023-07-09 20:23:20', '2023-07-09 20:23:20', 2, 7, 1, NULL, 9, 9, NULL),
(1665, '2023-07-09 20:23:20', '2023-07-09 20:23:20', 1, 7, 1, NULL, 115, 115, NULL),
(1666, '2023-07-09 20:23:21', '2023-07-09 20:23:21', 4, 7, 1, NULL, 27, 27, 27),
(1667, '2023-07-09 20:23:21', '2023-07-09 20:23:21', 5, 7, 1, NULL, 36, NULL, 36),
(1668, '2023-07-09 20:23:21', '2023-07-09 20:23:21', 16, 7, 1, NULL, 64, 64, NULL),
(1669, '2023-07-09 20:23:21', '2023-07-09 20:23:21', 15, 7, 1, NULL, 55, 55, NULL),
(1670, '2023-07-09 20:23:21', '2023-07-09 20:23:21', 17, 7, 1, NULL, 73, 73, 73),
(1671, '2023-07-09 20:23:21', '2023-07-09 20:23:21', 18, 7, 1, NULL, 82, NULL, 82),
(1672, '2023-07-09 20:23:21', '2023-07-09 20:23:21', 6, 7, 1, NULL, 38, NULL, 38),
(1673, '2023-07-09 20:23:21', '2023-07-09 20:23:21', 9, 7, 1, NULL, 48, NULL, NULL),
(1674, '2023-07-09 20:23:21', '2023-07-09 20:23:21', 20, 7, 1, NULL, 88, 88, NULL),
(1675, '2023-07-09 20:23:21', '2023-07-09 20:23:21', 28, 7, 1, NULL, 106, NULL, NULL),
(1676, '2023-07-09 20:23:21', '2023-07-09 20:23:21', 23, 7, 1, NULL, 100, NULL, NULL),
(1821, '2023-11-13 17:25:19', '2023-11-13 17:25:19', 3, 1, 1, NULL, 18, 18, NULL),
(1822, '2023-11-13 17:25:19', '2023-11-13 17:25:19', 2, 1, 1, NULL, 9, 9, NULL),
(1823, '2023-11-13 17:25:19', '2023-11-13 17:25:19', 4, 1, 1, NULL, 27, 27, 27),
(1824, '2023-11-13 17:25:19', '2023-11-13 17:25:19', 5, 1, 1, NULL, 36, NULL, 36),
(1825, '2023-11-13 17:25:19', '2023-11-13 17:25:19', 16, 1, 1, NULL, 64, 64, NULL),
(1826, '2023-11-13 17:25:19', '2023-11-13 17:25:19', 15, 1, 1, NULL, 55, 55, NULL),
(1827, '2023-11-13 17:25:19', '2023-11-13 17:25:19', 17, 1, 1, NULL, 73, 73, 73),
(1828, '2023-11-13 17:25:19', '2023-11-13 17:25:19', 18, 1, 1, NULL, 82, NULL, 82),
(1829, '2023-11-13 17:25:19', '2023-11-13 17:25:19', 8, 1, 1, NULL, 46, NULL, 46),
(1830, '2023-11-13 17:25:19', '2023-11-13 17:25:19', 6, 1, 1, NULL, 38, NULL, 38),
(1831, '2023-11-13 17:25:19', '2023-11-13 17:25:19', 20, 1, 1, NULL, 88, 88, NULL),
(1832, '2023-11-13 17:25:19', '2023-11-13 17:25:19', 27, 1, 1, NULL, 104, 104, NULL),
(1833, '2023-11-13 17:25:19', '2023-11-13 17:25:19', 22, 1, 1, NULL, 98, NULL, 98),
(1835, '2023-07-09 18:20:14', '2023-07-09 18:20:14', 1, 1, 1, NULL, 115, 4, 0),
(1841, '2023-11-13 18:15:44', '2023-11-13 18:15:44', 64, 9, 1, NULL, NULL, NULL, NULL),
(1842, '2023-11-13 18:15:44', '2023-11-13 18:15:44', 62, 9, 1, NULL, NULL, NULL, NULL),
(1843, '2023-11-13 18:15:44', '2023-11-13 18:15:44', 63, 9, 1, NULL, 208, 208, 208),
(1844, '2023-11-13 18:15:44', '2023-11-13 18:15:44', 61, 9, 1, NULL, NULL, NULL, NULL),
(1845, '2023-11-13 18:15:44', '2023-11-13 18:15:44', 60, 9, 1, NULL, NULL, NULL, NULL),
(1913, '2024-02-01 20:03:18', '2024-02-01 20:03:18', 34, 10, 1, NULL, 188, 188, 188),
(1914, '2024-02-01 20:03:18', '2024-02-01 20:03:18', 35, 10, 1, NULL, NULL, NULL, NULL),
(1915, '2024-02-01 20:03:18', '2024-02-01 20:03:18', 33, 10, 1, NULL, NULL, NULL, NULL),
(1916, '2024-02-01 20:03:18', '2024-02-01 20:03:18', 36, 10, 1, NULL, 119, 119, NULL),
(1917, '2024-02-01 20:03:18', '2024-02-01 20:03:18', 37, 10, 1, NULL, 157, NULL, 157),
(1918, '2024-02-01 20:03:18', '2024-02-01 20:03:18', 43, 10, 1, NULL, NULL, NULL, NULL),
(1919, '2024-02-01 20:03:18', '2024-02-01 20:03:18', 44, 10, 1, NULL, 128, 128, 128),
(1920, '2024-02-01 20:03:18', '2024-02-01 20:03:18', 45, 10, 1, NULL, 146, 146, NULL),
(1921, '2024-02-01 20:03:18', '2024-02-01 20:03:18', 46, 10, 1, NULL, 168, 168, NULL),
(1922, '2024-02-01 20:03:18', '2024-02-01 20:03:18', 55, 10, 1, NULL, 166, NULL, 166),
(1923, '2024-02-01 20:03:18', '2024-02-01 20:03:18', 47, 10, 1, NULL, 162, NULL, 162),
(1924, '2024-02-01 20:03:18', '2024-02-01 20:03:18', 41, 10, 1, NULL, NULL, NULL, NULL),
(1925, '2024-02-01 20:03:18', '2024-02-01 20:03:18', 40, 10, 1, NULL, 158, NULL, 158),
(1926, '2024-02-01 20:03:18', '2024-02-01 20:03:18', 38, 10, 1, NULL, NULL, NULL, NULL),
(1927, '2024-02-01 20:03:18', '2024-02-01 20:03:18', 48, 10, 1, NULL, NULL, NULL, NULL),
(1928, '2024-02-01 20:03:18', '2024-02-01 20:03:18', 56, 10, 1, NULL, NULL, NULL, NULL),
(1979, '2024-02-25 19:03:10', '2024-02-25 19:03:10', 42, 5, 1, NULL, NULL, NULL, NULL);

-- --------------------------------------------------------

--
-- Table structure for table `statuti`
--

CREATE TABLE `statuti` (
  `id` bigint(20) UNSIGNED NOT NULL,
  `created_at` timestamp NULL DEFAULT NULL,
  `updated_at` timestamp NULL DEFAULT NULL,
  `naziv` varchar(255) NOT NULL
) ENGINE=InnoDB DEFAULT CHARSET=utf8mb4 COLLATE=utf8mb4_unicode_ci;

--
-- Dumping data for table `statuti`
--

INSERT INTO `statuti` (`id`, `created_at`, `updated_at`, `naziv`) VALUES
(1, NULL, NULL, 'статут из 2019. године'),
(2, NULL, NULL, 'статут из 2017. године');

-- --------------------------------------------------------

--
-- Table structure for table `studenti`
--

CREATE TABLE `studenti` (
  `id_korisnika` bigint(20) UNSIGNED NOT NULL,
  `created_at` timestamp NULL DEFAULT NULL,
  `updated_at` timestamp NULL DEFAULT NULL,
  `indeks` int(11) NOT NULL,
  `pol` char(255) NOT NULL,
  `telefon` int(11) DEFAULT NULL,
  `jmbg` varchar(13) NOT NULL,
  `job` varchar(16) NOT NULL,
  `ime_roditelja` varchar(255) NOT NULL,
  `datum_rodjenja` date NOT NULL
) ENGINE=InnoDB DEFAULT CHARSET=utf8mb4 COLLATE=utf8mb4_unicode_ci;

--
-- Dumping data for table `studenti`
--

INSERT INTO `studenti` (`id_korisnika`, `created_at`, `updated_at`, `indeks`, `pol`, `telefon`, `jmbg`, `job`, `ime_roditelja`, `datum_rodjenja`) VALUES
(1, NULL, NULL, 20200304, 'M', 665151738, '12345678910', 'AX184CDEGG89IEKH', 'Предраг', '2001-06-18'),
(11, NULL, NULL, 20200089, 'M', 665151738, '12345678910', 'AX184CDEGG89IEKH', 'Миодраг', '2002-01-26'),
(90, NULL, NULL, 20200163, 'Ж', 665151738, '12345678910', 'AX184CDEGG89IEKH', 'Миодраг', '2001-03-15'),
(91, NULL, NULL, 20200445, 'М', 665151738, '12345678910', 'AX184CDEGG89IEKH', 'Миодраг', '2001-03-15'),
(95, NULL, NULL, 20220304, 'M', 665151738, '12345678910', 'AX184CDEGG89IEKH', 'Предраг', '2003-06-18');

-- --------------------------------------------------------

--
-- Table structure for table `termini_za_predmetni_spisak`
--

CREATE TABLE `termini_za_predmetni_spisak` (
  `id` bigint(20) UNSIGNED NOT NULL,
  `created_at` timestamp NULL DEFAULT NULL,
  `updated_at` timestamp NULL DEFAULT NULL,
  `id_spisak` int(11) NOT NULL,
  `naziv` varchar(255) NOT NULL,
  `vreme_pocetak` datetime NOT NULL,
  `vreme_kraj` datetime NOT NULL
) ENGINE=InnoDB DEFAULT CHARSET=utf8mb4 COLLATE=utf8mb4_unicode_ci;

--
-- Dumping data for table `termini_za_predmetni_spisak`
--

INSERT INTO `termini_za_predmetni_spisak` (`id`, `created_at`, `updated_at`, `id_spisak`, `naziv`, `vreme_pocetak`, `vreme_kraj`) VALUES
(1, NULL, NULL, 1, 'Група 1', '2023-04-15 09:00:00', '2023-04-15 18:00:00');

-- --------------------------------------------------------

--
-- Table structure for table `upisi`
--

CREATE TABLE `upisi` (
  `id` bigint(20) UNSIGNED NOT NULL,
  `created_at` timestamp NULL DEFAULT NULL,
  `updated_at` timestamp NULL DEFAULT NULL,
  `id_program` int(11) NOT NULL,
  `id_student` int(11) NOT NULL,
  `godina` int(11) NOT NULL,
  `id_sk` int(11) NOT NULL,
  `status` varchar(25) NOT NULL
) ENGINE=InnoDB DEFAULT CHARSET=utf8mb4 COLLATE=utf8mb4_unicode_ci;

--
-- Dumping data for table `upisi`
--

INSERT INTO `upisi` (`id`, `created_at`, `updated_at`, `id_program`, `id_student`, `godina`, `id_sk`, `status`) VALUES
(1, NULL, NULL, 1, 1, 1, 4, 'budzet'),
(5, NULL, NULL, 2, 11, 1, 4, 'budzet'),
(6, NULL, NULL, 1, 90, 1, 4, 'budzet'),
(7, NULL, NULL, 1, 91, 1, 4, 'budzet'),
(9, NULL, NULL, 3, 1, 2, 5, 'budzet'),
(10, NULL, NULL, 2, 95, 1, 4, 'budzet');

-- --------------------------------------------------------

--
-- Table structure for table `uplate`
--

CREATE TABLE `uplate` (
  `id` bigint(20) UNSIGNED NOT NULL,
  `created_at` timestamp NULL DEFAULT NULL,
  `updated_at` timestamp NULL DEFAULT NULL,
  `iznos` double(8,2) NOT NULL,
  `user_id` int(11) NOT NULL,
  `opis` varchar(255) NOT NULL
) ENGINE=InnoDB DEFAULT CHARSET=utf8mb4 COLLATE=utf8mb4_unicode_ci;

--
-- Dumping data for table `uplate`
--

INSERT INTO `uplate` (`id`, `created_at`, `updated_at`, `iznos`, `user_id`, `opis`) VALUES
(1, NULL, NULL, 2000.00, 1, 'Пријава испита');

-- --------------------------------------------------------

--
-- Table structure for table `users`
--

CREATE TABLE `users` (
  `id` bigint(20) UNSIGNED NOT NULL,
  `ime` varchar(255) NOT NULL,
  `prezime` varchar(255) NOT NULL,
  `username` varchar(50) NOT NULL,
  `email` varchar(255) NOT NULL,
  `email_verified_at` timestamp NULL DEFAULT NULL,
  `password` varchar(255) NOT NULL COMMENT 'lozinka123',
  `remember_token` varchar(100) DEFAULT NULL,
  `created_at` timestamp NULL DEFAULT NULL,
  `updated_at` timestamp NULL DEFAULT NULL
) ENGINE=InnoDB DEFAULT CHARSET=utf8mb4 COLLATE=utf8mb4_unicode_ci;

--
-- Dumping data for table `users`
--

INSERT INTO `users` (`id`, `ime`, `prezime`, `username`, `email`, `email_verified_at`, `password`, `remember_token`, `created_at`, `updated_at`) VALUES
(1, 'Алекса', 'Ерић', 'ea200304d', 'ea200304d@student.etf.bg.ac.rs', NULL, '$2y$10$hZpnf1BfiITJrUKqlQSxF.GL2Ehhz.EOAakCuBZrzWokSM88z16ji', '4pILEnDsZA2EdipWbfVoccrjmiBGpPQpsWTdYjB0rSUaTPACCFUmjpmEfvSf', '2023-02-20 17:15:10', '2023-02-20 17:15:10'),
(2, 'Алекса', 'Србљановић', 'aleksas', 'aleksas@etf.bg.ac.rs', NULL, '$2y$10$hZpnf1BfiITJrUKqlQSxF.GL2Ehhz.EOAakCuBZrzWokSM88z16ji', '1nuqTV6s86eHU9nutRr5jRk2ZeJ0FW1PJ8Lkd7M0PudJZInypWNB78D8tftC', '2023-02-20 17:15:10', '2023-02-20 17:15:10'),
(3, 'Тамара', 'Коледин', 'tamara', 'tamara@etf.bg.ac.rs', NULL, '$2y$10$hZpnf1BfiITJrUKqlQSxF.GL2Ehhz.EOAakCuBZrzWokSM88z16ji', NULL, '2023-02-20 17:15:10', '2023-02-20 17:15:10'),
(4, 'Милан', 'Илић', 'milanilic', 'milanilic@etf.bg.ac.rs', NULL, '$2y$10$hZpnf1BfiITJrUKqlQSxF.GL2Ehhz.EOAakCuBZrzWokSM88z16ji', NULL, '2023-02-20 17:15:10', '2023-02-20 17:15:10'),
(5, 'Драган', 'Олћан', 'olcan', 'olcan@etf.bg.ac.rs', NULL, '$2y$10$hZpnf1BfiITJrUKqlQSxF.GL2Ehhz.EOAakCuBZrzWokSM88z16ji', 'm2G8Y66xpORka1EwpmgObOnfea2wISkyQq1jA02D0KGdoKiqX0OCT1738UHt', '2023-02-20 17:15:10', '2023-02-20 17:15:10'),
(6, 'Слободан', 'Савић', 'ssavic', 'ssavic@etf.bg.ac.rs', NULL, '$2y$10$hZpnf1BfiITJrUKqlQSxF.GL2Ehhz.EOAakCuBZrzWokSM88z16ji', NULL, '2023-02-20 17:15:10', '2023-02-20 17:15:10'),
(7, 'Марија', 'Стевановић', 'mnikolic', 'mnikolic@etf.bg.ac.rs', NULL, '$2y$10$hZpnf1BfiITJrUKqlQSxF.GL2Ehhz.EOAakCuBZrzWokSM88z16ji', NULL, '2023-02-20 17:15:10', '2023-02-20 17:15:10'),
(8, 'Јелена', 'Динкић', 'jdinkic', 'jdinkic@etf.bg.ac.rs', NULL, '$2y$10$hZpnf1BfiITJrUKqlQSxF.GL2Ehhz.EOAakCuBZrzWokSM88z16ji', NULL, '2023-02-20 17:15:10', '2023-02-20 17:15:10'),
(9, 'Дарко', 'Нинковић', 'darko', 'darko@etf.bg.ac.rs', NULL, '$2y$10$hZpnf1BfiITJrUKqlQSxF.GL2Ehhz.EOAakCuBZrzWokSM88z16ji', NULL, '2023-02-20 17:15:10', '2023-02-20 17:15:10'),
(10, 'Марко', 'Мишић', 'marko.misic', 'marko.misic@etf.bg.ac.rs', NULL, '$2y$10$hZpnf1BfiITJrUKqlQSxF.GL2Ehhz.EOAakCuBZrzWokSM88z16ji', NULL, '2023-02-20 17:15:10', '2023-02-20 17:15:10'),
(11, 'Ђорђе', 'Гребовић', 'gd200089d', 'gd200089d@student.etf.bg.ac.rs', NULL, '$2y$10$hZpnf1BfiITJrUKqlQSxF.GL2Ehhz.EOAakCuBZrzWokSM88z16ji', NULL, '2023-02-20 17:15:10', '2023-02-20 17:15:10'),
(12, 'Јелица', 'Протић', 'jeca', 'jeca@etf.bg.ac.rs', NULL, '$2y$10$hZpnf1BfiITJrUKqlQSxF.GL2Ehhz.EOAakCuBZrzWokSM88z16ji', NULL, '2023-02-20 17:15:10', '2023-02-20 17:15:10'),
(13, 'Бошко', 'Николић', 'nbosko', 'nbosko@etf.bg.ac.rs', NULL, '$2y$10$hZpnf1BfiITJrUKqlQSxF.GL2Ehhz.EOAakCuBZrzWokSM88z16ji', NULL, '2023-02-20 17:15:10', '2023-02-20 17:15:10'),
(14, 'Драган', 'Бојић', 'bojic', 'bojic@etf.bg.ac.rs', '0000-00-00 00:00:00', '$2y$10$hZpnf1BfiITJrUKqlQSxF.GL2Ehhz.EOAakCuBZrzWokSM88z16ji', NULL, '0000-00-00 00:00:00', '0000-00-00 00:00:00'),
(15, 'Драган', 'Милићев', 'dmilicev', 'dmilicev@etf.bg.ac.rs', '2023-03-25 20:35:04', '$2y$10$hZpnf1BfiITJrUKqlQSxF.GL2Ehhz.EOAakCuBZrzWokSM88z16ji', NULL, '0000-00-00 00:00:00', '0000-00-00 00:00:00'),
(16, 'Игор', 'Тартаља', 'tartalja', 'tartalja@etf.bg.ac.rs', '0000-00-00 00:00:00', '$2y$10$hZpnf1BfiITJrUKqlQSxF.GL2Ehhz.EOAakCuBZrzWokSM88z16ji', NULL, '0000-00-00 00:00:00', '0000-00-00 00:00:00'),
(17, 'Мило', 'Томашевић', 'mvt', 'mvt@etf.bg.ac.rs', '0000-00-00 00:00:00', '$2y$10$hZpnf1BfiITJrUKqlQSxF.GL2Ehhz.EOAakCuBZrzWokSM88z16ji', NULL, '0000-00-00 00:00:00', '0000-00-00 00:00:00'),
(18, 'Жарко', 'Станисављевић', 'zarko', 'zarko@etf.bg.ac.rs', '0000-00-00 00:00:00', '$2y$10$hZpnf1BfiITJrUKqlQSxF.GL2Ehhz.EOAakCuBZrzWokSM88z16ji', NULL, '0000-00-00 00:00:00', '0000-00-00 00:00:00'),
(19, 'Захарије', 'Радивојевић', 'zaki', 'zaki@etf.bg.ac.rs', '0000-00-00 00:00:00', '$2y$10$hZpnf1BfiITJrUKqlQSxF.GL2Ehhz.EOAakCuBZrzWokSM88z16ji', NULL, '0000-00-00 00:00:00', '0000-00-00 00:00:00'),
(20, 'Марија', 'Пунт', 'maki', 'maki@etf.bg.ac.rs', '0000-00-00 00:00:00', '$2y$10$hZpnf1BfiITJrUKqlQSxF.GL2Ehhz.EOAakCuBZrzWokSM88z16ji', NULL, '0000-00-00 00:00:00', '0000-00-00 00:00:00'),
(21, 'Милош', 'Цветановић', 'cmilos', 'cmilos@etf.bg.ac.rs', '0000-00-00 00:00:00', '$2y$10$hZpnf1BfiITJrUKqlQSxF.GL2Ehhz.EOAakCuBZrzWokSM88z16ji', NULL, '0000-00-00 00:00:00', '0000-00-00 00:00:00'),
(22, 'Павле', 'Вулетић', 'pavle.vuletic', 'pavle.vuletic@etf.bg.ac.rs', '0000-00-00 00:00:00', '$2y$10$hZpnf1BfiITJrUKqlQSxF.GL2Ehhz.EOAakCuBZrzWokSM88z16ji', NULL, '0000-00-00 00:00:00', '0000-00-00 00:00:00'),
(23, 'Славко', 'Гајин', 'slavko.gajin', 'slavko.gajin@etf.bg.ac.rs', '0000-00-00 00:00:00', '$2y$10$hZpnf1BfiITJrUKqlQSxF.GL2Ehhz.EOAakCuBZrzWokSM88z16ji', NULL, '0000-00-00 00:00:00', '0000-00-00 00:00:00'),
(24, 'Дражен', 'Драшковић', 'drazen.draskovic', 'drazen.draskovic@etf.bg.ac.rs', '0000-00-00 00:00:00', '$2y$10$hZpnf1BfiITJrUKqlQSxF.GL2Ehhz.EOAakCuBZrzWokSM88z16ji', NULL, '0000-00-00 00:00:00', '0000-00-00 00:00:00'),
(25, 'Живојин', 'Шуштран', 'zika', 'zika@etf.bg.ac.rs', '0000-00-00 00:00:00', '$2y$10$hZpnf1BfiITJrUKqlQSxF.GL2Ehhz.EOAakCuBZrzWokSM88z16ji', NULL, '0000-00-00 00:00:00', '0000-00-00 00:00:00'),
(26, 'Саша', 'Стојановић', 'stojsasa', 'stojsasa@etf.bg.ac.rs', '0000-00-00 00:00:00', '$2y$10$hZpnf1BfiITJrUKqlQSxF.GL2Ehhz.EOAakCuBZrzWokSM88z16ji', NULL, '0000-00-00 00:00:00', '0000-00-00 00:00:00'),
(27, 'Адриан', 'Милаковић', 'aki', 'aki@etf.bg.ac.rs', '0000-00-00 00:00:00', '$2y$10$hZpnf1BfiITJrUKqlQSxF.GL2Ehhz.EOAakCuBZrzWokSM88z16ji', NULL, '0000-00-00 00:00:00', '0000-00-00 00:00:00'),
(28, 'Владимир', 'Јоцовић', 'jocke', 'jocke@etf.bg.ac.rs', '0000-00-00 00:00:00', '$2y$10$hZpnf1BfiITJrUKqlQSxF.GL2Ehhz.EOAakCuBZrzWokSM88z16ji', NULL, '0000-00-00 00:00:00', '0000-00-00 00:00:00'),
(29, 'Данко', 'Миладиновић', 'danko', 'danko@etf.bg.ac.rs', '0000-00-00 00:00:00', '$2y$10$hZpnf1BfiITJrUKqlQSxF.GL2Ehhz.EOAakCuBZrzWokSM88z16ji', NULL, '0000-00-00 00:00:00', '0000-00-00 00:00:00'),
(30, 'Јелица', 'Цинцовић', 'jelica', 'jelica@etf.bg.ac.rs', '0000-00-00 00:00:00', '$2y$10$hZpnf1BfiITJrUKqlQSxF.GL2Ehhz.EOAakCuBZrzWokSM88z16ji', NULL, '0000-00-00 00:00:00', '0000-00-00 00:00:00'),
(31, 'Јован', 'Ђукић', 'dj', 'dj@etf.bg.ac.rs', '0000-00-00 00:00:00', '$2y$10$hZpnf1BfiITJrUKqlQSxF.GL2Ehhz.EOAakCuBZrzWokSM88z16ji', NULL, '0000-00-00 00:00:00', '0000-00-00 00:00:00'),
(32, 'Кристијан', 'Жижа', 'ziza', 'ziza@etf.bg.ac.rs', '0000-00-00 00:00:00', '$2y$10$hZpnf1BfiITJrUKqlQSxF.GL2Ehhz.EOAakCuBZrzWokSM88z16ji', NULL, '0000-00-00 00:00:00', '0000-00-00 00:00:00'),
(33, 'Маја', 'Вукасовић', 'majav', 'majav@etf.bg.ac.rs', '0000-00-00 00:00:00', '$2y$10$hZpnf1BfiITJrUKqlQSxF.GL2Ehhz.EOAakCuBZrzWokSM88z16ji', NULL, '0000-00-00 00:00:00', '0000-00-00 00:00:00'),
(34, 'Марко', 'Мићовић', 'micko', 'micko@etf.bg.ac.rs', '0000-00-00 00:00:00', '$2y$10$hZpnf1BfiITJrUKqlQSxF.GL2Ehhz.EOAakCuBZrzWokSM88z16ji', NULL, '0000-00-00 00:00:00', '0000-00-00 00:00:00'),
(35, 'Милош', 'Обрадовић', 'miobra', 'miobra@etf.bg.ac.rs', '0000-00-00 00:00:00', '$2y$10$hZpnf1BfiITJrUKqlQSxF.GL2Ehhz.EOAakCuBZrzWokSM88z16ji', NULL, '0000-00-00 00:00:00', '0000-00-00 00:00:00'),
(36, 'Михајло', 'Огризовић', 'ogrizovic', 'ogrizovic@etf.bg.ac.rs', '0000-00-00 00:00:00', '$2y$10$hZpnf1BfiITJrUKqlQSxF.GL2Ehhz.EOAakCuBZrzWokSM88z16ji', NULL, '0000-00-00 00:00:00', '0000-00-00 00:00:00'),
(37, 'Предраг', 'Обрадовић', 'pedjao', 'pedjao@etf.bg.ac.rs', '0000-00-00 00:00:00', '$2y$10$hZpnf1BfiITJrUKqlQSxF.GL2Ehhz.EOAakCuBZrzWokSM88z16ji', NULL, '0000-00-00 00:00:00', '0000-00-00 00:00:00'),
(38, 'Сања', 'Делчев', 'sanjad', 'sanjad@etf.bg.ac.rs', '0000-00-00 00:00:00', '$2y$10$hZpnf1BfiITJrUKqlQSxF.GL2Ehhz.EOAakCuBZrzWokSM88z16ji', NULL, '0000-00-00 00:00:00', '0000-00-00 00:00:00'),
(39, 'Стефан', 'Тубић', 'stubic', 'stubic@etf.bg.ac.rs', '0000-00-00 00:00:00', '$2y$10$hZpnf1BfiITJrUKqlQSxF.GL2Ehhz.EOAakCuBZrzWokSM88z16ji', NULL, '0000-00-00 00:00:00', '0000-00-00 00:00:00'),
(40, 'Тамара', 'Шекуларац', 'tasha', 'tasha@etf.bg.ac.rs', '0000-00-00 00:00:00', '$2y$10$hZpnf1BfiITJrUKqlQSxF.GL2Ehhz.EOAakCuBZrzWokSM88z16ji', NULL, '0000-00-00 00:00:00', '0000-00-00 00:00:00'),
(41, 'Урош', 'Раденковић', 'uki', 'uki@etf.bg.ac.rs', '0000-00-00 00:00:00', '$2y$10$hZpnf1BfiITJrUKqlQSxF.GL2Ehhz.EOAakCuBZrzWokSM88z16ji', NULL, '0000-00-00 00:00:00', '0000-00-00 00:00:00'),
(42, 'Матија', 'Додовић', 'mdodovic', 'mdodovic@etf.bg.ac.rs', '0000-00-00 00:00:00', '$2y$10$hZpnf1BfiITJrUKqlQSxF.GL2Ehhz.EOAakCuBZrzWokSM88z16ji', NULL, '0000-00-00 00:00:00', '0000-00-00 00:00:00'),
(43, 'Милош', 'Милошевић', 'mmilosevic', 'mmilosevic@etf.bg.ac.rs', '0000-00-00 00:00:00', '$2y$10$hZpnf1BfiITJrUKqlQSxF.GL2Ehhz.EOAakCuBZrzWokSM88z16ji', NULL, '0000-00-00 00:00:00', '0000-00-00 00:00:00'),
(45, 'Лазар', 'Сарановац', 'laza', 'laza@etf.bg.ac.rs', '0000-00-00 00:00:00', '$2y$10$hZpnf1BfiITJrUKqlQSxF.GL2Ehhz.EOAakCuBZrzWokSM88z16ji', 'XRfWh37qveSfdkjOppaPjww9XGTCKDMsUaBWfQod6ZWkHwWPAuFIJplwvG2E', '0000-00-00 00:00:00', '0000-00-00 00:00:00'),
(46, 'Милан', 'Поњавић', 'ponjavic', 'ponjavic@etf.bg.ac.rs', '0000-00-00 00:00:00', '$2y$10$hZpnf1BfiITJrUKqlQSxF.GL2Ehhz.EOAakCuBZrzWokSM88z16ji', 'XRfWh37qveSfdkjOppaPjww9XGTCKDMsUaBWfQod6ZWkHwWPAuFIJplwvG2E', '0000-00-00 00:00:00', '0000-00-00 00:00:00'),
(47, 'Милан', 'Прокин', 'proka', 'proka@etf.bg.ac.rs', '0000-00-00 00:00:00', '$2y$10$hZpnf1BfiITJrUKqlQSxF.GL2Ehhz.EOAakCuBZrzWokSM88z16ji', 'XRfWh37qveSfdkjOppaPjww9XGTCKDMsUaBWfQod6ZWkHwWPAuFIJplwvG2E', '0000-00-00 00:00:00', '0000-00-00 00:00:00'),
(48, 'Предраг', 'Пејовић', 'peja', 'peja@etf.bg.ac.rs', '0000-00-00 00:00:00', '$2y$10$hZpnf1BfiITJrUKqlQSxF.GL2Ehhz.EOAakCuBZrzWokSM88z16ji', 'XRfWh37qveSfdkjOppaPjww9XGTCKDMsUaBWfQod6ZWkHwWPAuFIJplwvG2E', '0000-00-00 00:00:00', '0000-00-00 00:00:00'),
(49, 'Владимир', 'Рајовић', 'rajo', 'rajo@etf.bg.ac.rs', '0000-00-00 00:00:00', '$2y$10$hZpnf1BfiITJrUKqlQSxF.GL2Ehhz.EOAakCuBZrzWokSM88z16ji', 'XRfWh37qveSfdkjOppaPjww9XGTCKDMsUaBWfQod6ZWkHwWPAuFIJplwvG2E', '0000-00-00 00:00:00', '0000-00-00 00:00:00'),
(50, 'Горан', 'Савић', 'gsavic', 'gsavic@etf.bg.ac.rs', '0000-00-00 00:00:00', '$2y$10$hZpnf1BfiITJrUKqlQSxF.GL2Ehhz.EOAakCuBZrzWokSM88z16ji', 'XRfWh37qveSfdkjOppaPjww9XGTCKDMsUaBWfQod6ZWkHwWPAuFIJplwvG2E', '0000-00-00 00:00:00', '0000-00-00 00:00:00'),
(51, 'Ненад', 'Јовичић', 'nenad', 'nenad@etf.bg.ac.rs', '0000-00-00 00:00:00', '$2y$10$hZpnf1BfiITJrUKqlQSxF.GL2Ehhz.EOAakCuBZrzWokSM88z16ji', 'XRfWh37qveSfdkjOppaPjww9XGTCKDMsUaBWfQod6ZWkHwWPAuFIJplwvG2E', '0000-00-00 00:00:00', '0000-00-00 00:00:00'),
(52, 'Иван', 'Поповић', 'popovici', 'popovici@etf.bg.ac.rs', '0000-00-00 00:00:00', '$2y$10$hZpnf1BfiITJrUKqlQSxF.GL2Ehhz.EOAakCuBZrzWokSM88z16ji', 'XRfWh37qveSfdkjOppaPjww9XGTCKDMsUaBWfQod6ZWkHwWPAuFIJplwvG2E', '0000-00-00 00:00:00', '0000-00-00 00:00:00'),
(53, 'Радивоје', 'Ђурић', 'rade', 'rade@etf.bg.ac.rs', '0000-00-00 00:00:00', '$2y$10$hZpnf1BfiITJrUKqlQSxF.GL2Ehhz.EOAakCuBZrzWokSM88z16ji', 'JqUUQNzsSVJCoFkHsj5EIhU7yLPc9dIR9cUJnzpl1nJt2wrvrDMiP9LQCDHY', '0000-00-00 00:00:00', '0000-00-00 00:00:00'),
(54, 'Владимир', 'Петровић', 'petrovicv', 'petrovicv@etf.bg.ac.rs', '0000-00-00 00:00:00', '$2y$10$hZpnf1BfiITJrUKqlQSxF.GL2Ehhz.EOAakCuBZrzWokSM88z16ji', 'XRfWh37qveSfdkjOppaPjww9XGTCKDMsUaBWfQod6ZWkHwWPAuFIJplwvG2E', '0000-00-00 00:00:00', '0000-00-00 00:00:00'),
(55, 'Драгомир', 'Ел Мезени', 'elmezeni', 'elmezeni@etf.bg.ac.rs', '0000-00-00 00:00:00', '$2y$10$hZpnf1BfiITJrUKqlQSxF.GL2Ehhz.EOAakCuBZrzWokSM88z16ji', 'XRfWh37qveSfdkjOppaPjww9XGTCKDMsUaBWfQod6ZWkHwWPAuFIJplwvG2E', '0000-00-00 00:00:00', '0000-00-00 00:00:00'),
(56, 'Душан', 'Грујић', 'dusan.grujic', 'dusan.grujic@etf.bg.ac.rs', '0000-00-00 00:00:00', '$2y$10$hZpnf1BfiITJrUKqlQSxF.GL2Ehhz.EOAakCuBZrzWokSM88z16ji', 'XRfWh37qveSfdkjOppaPjww9XGTCKDMsUaBWfQod6ZWkHwWPAuFIJplwvG2E', '0000-00-00 00:00:00', '0000-00-00 00:00:00'),
(57, 'Јелена', 'Поповић Божовић', 'jelena', 'jelena@etf.bg.ac.rs', '0000-00-00 00:00:00', '$2y$10$hZpnf1BfiITJrUKqlQSxF.GL2Ehhz.EOAakCuBZrzWokSM88z16ji', 'XRfWh37qveSfdkjOppaPjww9XGTCKDMsUaBWfQod6ZWkHwWPAuFIJplwvG2E', '0000-00-00 00:00:00', '0000-00-00 00:00:00'),
(58, 'Данило', 'Ђокић, дипл. инж. ел. и рач.', 'djokicd', 'djokicd@etf.bg.ac.rs', '0000-00-00 00:00:00', '$2y$10$hZpnf1BfiITJrUKqlQSxF.GL2Ehhz.EOAakCuBZrzWokSM88z16ji', 'XRfWh37qveSfdkjOppaPjww9XGTCKDMsUaBWfQod6ZWkHwWPAuFIJplwvG2E', '0000-00-00 00:00:00', '0000-00-00 00:00:00'),
(59, 'Никола', 'Петровић, дипл. инж. ел. и рач.', 'p.z.nikola', 'p.z.nikola@etf.bg.ac.rs', '0000-00-00 00:00:00', '$2y$10$hZpnf1BfiITJrUKqlQSxF.GL2Ehhz.EOAakCuBZrzWokSM88z16ji', 'XRfWh37qveSfdkjOppaPjww9XGTCKDMsUaBWfQod6ZWkHwWPAuFIJplwvG2E', '0000-00-00 00:00:00', '0000-00-00 00:00:00'),
(60, 'Харис', 'Туркмановић, дипл. инж. ел. и рач.', 'haris', 'haris@etf.bg.ac.rs', '0000-00-00 00:00:00', '$2y$10$hZpnf1BfiITJrUKqlQSxF.GL2Ehhz.EOAakCuBZrzWokSM88z16ji', 'XRfWh37qveSfdkjOppaPjww9XGTCKDMsUaBWfQod6ZWkHwWPAuFIJplwvG2E', '0000-00-00 00:00:00', '0000-00-00 00:00:00'),
(61, 'Бранко', 'Малешевић', 'malesevic', 'malesevic@etf.bg.ac.rs', '0000-00-00 00:00:00', '$2y$10$hZpnf1BfiITJrUKqlQSxF.GL2Ehhz.EOAakCuBZrzWokSM88z16ji', 'CsbaOo0w7DYwSDxzk6mFIrVPjxVmNP1B5N6ub9fTvdRH3hyZxWnSvoEV8Yhi', '0000-00-00 00:00:00', '0000-00-00 00:00:00'),
(62, 'Марија', 'Рашајски', 'rasajski', 'rasajski@etf.bg.ac.rs', '0000-00-00 00:00:00', '$2y$10$hZpnf1BfiITJrUKqlQSxF.GL2Ehhz.EOAakCuBZrzWokSM88z16ji', 'XRfWh37qveSfdkjOppaPjww9XGTCKDMsUaBWfQod6ZWkHwWPAuFIJplwvG2E', '0000-00-00 00:00:00', '0000-00-00 00:00:00'),
(63, 'Синиша', 'Јешић', 'jesic', 'jesic@etf.bg.ac.rs', '0000-00-00 00:00:00', '$2y$10$hZpnf1BfiITJrUKqlQSxF.GL2Ehhz.EOAakCuBZrzWokSM88z16ji', 'XRfWh37qveSfdkjOppaPjww9XGTCKDMsUaBWfQod6ZWkHwWPAuFIJplwvG2E', '0000-00-00 00:00:00', '0000-00-00 00:00:00'),
(64, 'Татјана', 'Лутовац', 'tlutovac', 'tlutovac@etf.bg.ac.rs', '0000-00-00 00:00:00', '$2y$10$hZpnf1BfiITJrUKqlQSxF.GL2Ehhz.EOAakCuBZrzWokSM88z16ji', 'XRfWh37qveSfdkjOppaPjww9XGTCKDMsUaBWfQod6ZWkHwWPAuFIJplwvG2E', '0000-00-00 00:00:00', '0000-00-00 00:00:00'),
(65, 'Братислав', 'Иричанин', 'iricanin', 'iricanin@etf.bg.ac.rs', '0000-00-00 00:00:00', '$2y$10$hZpnf1BfiITJrUKqlQSxF.GL2Ehhz.EOAakCuBZrzWokSM88z16ji', 'I3najNteyloZjo8AQzxdScla86zr9fGEPvEH7gOrKYyNKV1SpoAOI2iJWvA4', '0000-00-00 00:00:00', '0000-00-00 00:00:00'),
(66, 'Наташа', 'Ћировић', 'natasa', 'natasa@etf.bg.ac.rs', '0000-00-00 00:00:00', '$2y$10$hZpnf1BfiITJrUKqlQSxF.GL2Ehhz.EOAakCuBZrzWokSM88z16ji', 'XRfWh37qveSfdkjOppaPjww9XGTCKDMsUaBWfQod6ZWkHwWPAuFIJplwvG2E', '0000-00-00 00:00:00', '0000-00-00 00:00:00'),
(67, 'Бојана', 'Михаиловић', 'mihailovicb', 'mihailovicb@etf.bg.ac.rs', '0000-00-00 00:00:00', '$2y$10$hZpnf1BfiITJrUKqlQSxF.GL2Ehhz.EOAakCuBZrzWokSM88z16ji', 'XRfWh37qveSfdkjOppaPjww9XGTCKDMsUaBWfQod6ZWkHwWPAuFIJplwvG2E', '0000-00-00 00:00:00', '0000-00-00 00:00:00'),
(68, 'Милица', 'Карапетровић', 'milica', 'milica@etf.bg.ac.rs', '0000-00-00 00:00:00', '$2y$10$hZpnf1BfiITJrUKqlQSxF.GL2Ehhz.EOAakCuBZrzWokSM88z16ji', 'XRfWh37qveSfdkjOppaPjww9XGTCKDMsUaBWfQod6ZWkHwWPAuFIJplwvG2E', '0000-00-00 00:00:00', '0000-00-00 00:00:00'),
(69, 'Милица', 'Саватовић', 'milica.makragic', 'milica.makragic@etf.bg.ac.rs', '0000-00-00 00:00:00', '$2y$10$hZpnf1BfiITJrUKqlQSxF.GL2Ehhz.EOAakCuBZrzWokSM88z16ji', 'XRfWh37qveSfdkjOppaPjww9XGTCKDMsUaBWfQod6ZWkHwWPAuFIJplwvG2E', '0000-00-00 00:00:00', '0000-00-00 00:00:00'),
(70, 'Данијела', 'Бранковић', 'danijela', 'danijela@etf.bg.ac.rs', '0000-00-00 00:00:00', '$2y$10$hZpnf1BfiITJrUKqlQSxF.GL2Ehhz.EOAakCuBZrzWokSM88z16ji', 'XRfWh37qveSfdkjOppaPjww9XGTCKDMsUaBWfQod6ZWkHwWPAuFIJplwvG2E', '0000-00-00 00:00:00', '0000-00-00 00:00:00'),
(71, 'Стефан', 'Спалевић', 'stefan.spalevic', 'stefan.spalevic@etf.bg.ac.rs', '0000-00-00 00:00:00', '$2y$10$hZpnf1BfiITJrUKqlQSxF.GL2Ehhz.EOAakCuBZrzWokSM88z16ji', 'XRfWh37qveSfdkjOppaPjww9XGTCKDMsUaBWfQod6ZWkHwWPAuFIJplwvG2E', '0000-00-00 00:00:00', '0000-00-00 00:00:00'),
(72, 'Давид', 'Бузго', 'buzgo', 'buzgo@etf.bg.ac.rs', '0000-00-00 00:00:00', '$2y$10$hZpnf1BfiITJrUKqlQSxF.GL2Ehhz.EOAakCuBZrzWokSM88z16ji', 'XRfWh37qveSfdkjOppaPjww9XGTCKDMsUaBWfQod6ZWkHwWPAuFIJplwvG2E', '0000-00-00 00:00:00', '0000-00-00 00:00:00'),
(73, 'Милица', 'Радојевић', 'milica.radojevic', 'milica.radojevic@etf.bg.ac.rs', '0000-00-00 00:00:00', '$2y$10$hZpnf1BfiITJrUKqlQSxF.GL2Ehhz.EOAakCuBZrzWokSM88z16ji', 'XRfWh37qveSfdkjOppaPjww9XGTCKDMsUaBWfQod6ZWkHwWPAuFIJplwvG2E', '0000-00-00 00:00:00', '0000-00-00 00:00:00'),
(75, 'Златан', 'Стојковић', 'zstojkovic', 'zstojkovic@etf.bg.ac.rs', '0000-00-00 00:00:00', '$2y$10$hZpnf1BfiITJrUKqlQSxF.GL2Ehhz.EOAakCuBZrzWokSM88z16ji', 'XRfWh37qveSfdkjOppaPjww9XGTCKDMsUaBWfQod6ZWkHwWPAuFIJplwvG2E', '0000-00-00 00:00:00', '0000-00-00 00:00:00'),
(76, 'Зоран', 'Стојановић', 'stojanovic', 'stojanovic@etf.bg.ac.rs', '0000-00-00 00:00:00', '$2y$10$hZpnf1BfiITJrUKqlQSxF.GL2Ehhz.EOAakCuBZrzWokSM88z16ji', 'XRfWh37qveSfdkjOppaPjww9XGTCKDMsUaBWfQod6ZWkHwWPAuFIJplwvG2E', '0000-00-00 00:00:00', '0000-00-00 00:00:00'),
(77, 'Јован', 'Микуловић', 'mikulovic', 'mikulovic@etf.bg.ac.rs', '0000-00-00 00:00:00', '$2y$10$hZpnf1BfiITJrUKqlQSxF.GL2Ehhz.EOAakCuBZrzWokSM88z16ji', 'XRfWh37qveSfdkjOppaPjww9XGTCKDMsUaBWfQod6ZWkHwWPAuFIJplwvG2E', '0000-00-00 00:00:00', '0000-00-00 00:00:00'),
(78, 'Александар', 'Савић', 'savic', 'savic@etf.bg.ac.rs', '0000-00-00 00:00:00', '$2y$10$hZpnf1BfiITJrUKqlQSxF.GL2Ehhz.EOAakCuBZrzWokSM88z16ji', 'XRfWh37qveSfdkjOppaPjww9XGTCKDMsUaBWfQod6ZWkHwWPAuFIJplwvG2E', '0000-00-00 00:00:00', '0000-00-00 00:00:00'),
(79, 'Дарко', 'Шошић', 'sosic', 'sosic@etf.bg.ac.rs', '0000-00-00 00:00:00', '$2y$10$hZpnf1BfiITJrUKqlQSxF.GL2Ehhz.EOAakCuBZrzWokSM88z16ji', 'XRfWh37qveSfdkjOppaPjww9XGTCKDMsUaBWfQod6ZWkHwWPAuFIJplwvG2E', '0000-00-00 00:00:00', '0000-00-00 00:00:00'),
(80, 'Жељко', 'Ђуришић', 'djurisic', 'djurisic@etf.bg.ac.rs', '0000-00-00 00:00:00', '$2y$10$hZpnf1BfiITJrUKqlQSxF.GL2Ehhz.EOAakCuBZrzWokSM88z16ji', 'XRfWh37qveSfdkjOppaPjww9XGTCKDMsUaBWfQod6ZWkHwWPAuFIJplwvG2E', '0000-00-00 00:00:00', '0000-00-00 00:00:00'),
(81, 'Предраг', 'Стефанов', 'stefanov', 'stefanov@etf.bg.ac.rs', '0000-00-00 00:00:00', '$2y$10$hZpnf1BfiITJrUKqlQSxF.GL2Ehhz.EOAakCuBZrzWokSM88z16ji', 'XRfWh37qveSfdkjOppaPjww9XGTCKDMsUaBWfQod6ZWkHwWPAuFIJplwvG2E', '0000-00-00 00:00:00', '0000-00-00 00:00:00'),
(82, 'Горан', 'Добрић', 'dobric', 'dobric@etf.bg.ac.rs', '0000-00-00 00:00:00', '$2y$10$hZpnf1BfiITJrUKqlQSxF.GL2Ehhz.EOAakCuBZrzWokSM88z16ji', 'XRfWh37qveSfdkjOppaPjww9XGTCKDMsUaBWfQod6ZWkHwWPAuFIJplwvG2E', '0000-00-00 00:00:00', '0000-00-00 00:00:00'),
(83, 'Јелисавета', 'Крстивојевић', 'j.krstivojevic', 'j.krstivojevic@etf.bg.ac.rs', '0000-00-00 00:00:00', '$2y$10$hZpnf1BfiITJrUKqlQSxF.GL2Ehhz.EOAakCuBZrzWokSM88z16ji', 'XRfWh37qveSfdkjOppaPjww9XGTCKDMsUaBWfQod6ZWkHwWPAuFIJplwvG2E', '0000-00-00 00:00:00', '0000-00-00 00:00:00'),
(84, 'Милета', 'Жарковић', 'mileta', 'mileta@etf.bg.ac.rs', '0000-00-00 00:00:00', '$2y$10$hZpnf1BfiITJrUKqlQSxF.GL2Ehhz.EOAakCuBZrzWokSM88z16ji', 'XRfWh37qveSfdkjOppaPjww9XGTCKDMsUaBWfQod6ZWkHwWPAuFIJplwvG2E', '0000-00-00 00:00:00', '0000-00-00 00:00:00'),
(85, 'Томислав', 'Рајић', 'rajic', 'rajic@etf.bg.ac.rs', '0000-00-00 00:00:00', '$2y$10$hZpnf1BfiITJrUKqlQSxF.GL2Ehhz.EOAakCuBZrzWokSM88z16ji', 'XRfWh37qveSfdkjOppaPjww9XGTCKDMsUaBWfQod6ZWkHwWPAuFIJplwvG2E', '0000-00-00 00:00:00', '0000-00-00 00:00:00'),
(86, 'Владимир', 'Антонијевић', 'antonijevic', 'antonijevic@etf.bg.ac.rs', '0000-00-00 00:00:00', '$2y$10$hZpnf1BfiITJrUKqlQSxF.GL2Ehhz.EOAakCuBZrzWokSM88z16ji', 'XRfWh37qveSfdkjOppaPjww9XGTCKDMsUaBWfQod6ZWkHwWPAuFIJplwvG2E', '0000-00-00 00:00:00', '0000-00-00 00:00:00'),
(87, 'Ђорђе', 'Лазовић', 'lazovic', 'lazovic@etf.bg.ac.rs', '0000-00-00 00:00:00', '$2y$10$hZpnf1BfiITJrUKqlQSxF.GL2Ehhz.EOAakCuBZrzWokSM88z16ji', 'XRfWh37qveSfdkjOppaPjww9XGTCKDMsUaBWfQod6ZWkHwWPAuFIJplwvG2E', '0000-00-00 00:00:00', '0000-00-00 00:00:00'),
(88, 'Кристина', 'Џодић', 'kristinadz', 'kristinadz@etf.bg.ac.rs', '0000-00-00 00:00:00', '$2y$10$hZpnf1BfiITJrUKqlQSxF.GL2Ehhz.EOAakCuBZrzWokSM88z16ji', 'XRfWh37qveSfdkjOppaPjww9XGTCKDMsUaBWfQod6ZWkHwWPAuFIJplwvG2E', '0000-00-00 00:00:00', '0000-00-00 00:00:00'),
(90, 'Ана', 'Мако', 'ma200163d', 'ma200163d@student.etf.bg.ac.rs', NULL, '$2y$10$hZpnf1BfiITJrUKqlQSxF.GL2Ehhz.EOAakCuBZrzWokSM88z16ji', 'U3AZa1WOL3yXSqgmwy9Cji47dhbbM2vHGJgpojOMwOHcPbQTjBYAFLdfCwCg', '2023-02-20 17:15:10', '2023-02-20 17:15:10'),
(91, 'Дамјан', 'Баковић', 'bd200445d', 'bd200445d@student.etf.bg.ac.rs', NULL, '$2y$10$hZpnf1BfiITJrUKqlQSxF.GL2Ehhz.EOAakCuBZrzWokSM88z16ji', '02Z3PQYszZRaAZBZbJPOYOo7zui06mLJ7BM8w6i4NfNgABQ8ADobWb3GK41s', '2023-02-20 17:15:10', '2023-02-20 17:15:10'),
(92, 'Миланка', 'Ђорђевић', 'milanka', 'milanka@student.etf.bg.ac.rs', NULL, '$2y$10$hZpnf1BfiITJrUKqlQSxF.GL2Ehhz.EOAakCuBZrzWokSM88z16ji', 'A0G0tU7gAFxM2Q3XbOQ8RHMJx1MzbUCm30DuNjmqi7IQRWF6ERYV9dLRAmhz', '2023-02-20 17:15:10', '2023-02-20 17:15:10'),
(93, 'Јован', 'Цветић', 'cvetic_j', 'cvetic_j@etf.bg.ac.rs', '0000-00-00 00:00:00', '$2y$10$hZpnf1BfiITJrUKqlQSxF.GL2Ehhz.EOAakCuBZrzWokSM88z16ji', 'svdadPMIDBgFohn617GLXzWRwijfeC1bzcsagtoXfpNPHiMgGczwzRp0kvma', '0000-00-00 00:00:00', '0000-00-00 00:00:00'),
(94, 'Ковиљка', 'Станковић', 'kstankovic', 'kstankovic@etf.bg.ac.rs', '0000-00-00 00:00:00', '$2y$10$hZpnf1BfiITJrUKqlQSxF.GL2Ehhz.EOAakCuBZrzWokSM88z16ji', '8ihI1KGus4sxfYjpnHokoieKVNHfRzH8KOT3UDtTVc3lLk9G2LuHkBKVvfhi', '0000-00-00 00:00:00', '0000-00-00 00:00:00'),
(95, 'Лука', 'Димитријевић', 'dl220304d', 'dl220304d@student.etf.bg.ac.rs', NULL, '$2y$10$hZpnf1BfiITJrUKqlQSxF.GL2Ehhz.EOAakCuBZrzWokSM88z16ji', 'tP7ZzthJPe3CI6B6k86rjdokZh15w33rIxXoCO9ObShZBQ0yH3Rp7PoXLO6I', '2023-02-20 17:15:10', '2023-02-20 17:15:10'),
(96, 'Лука', 'Хрвачевић', 'lukah', 'lukah@etf.bg.ac.rs', '0000-00-00 00:00:00', '$2y$10$hZpnf1BfiITJrUKqlQSxF.GL2Ehhz.EOAakCuBZrzWokSM88z16ji', NULL, '0000-00-00 00:00:00', '0000-00-00 00:00:00'),
(97, 'Јанко', 'Туфегчић', 'janko', 'janko@etf.bg.ac.rs', '0000-00-00 00:00:00', '$2y$10$hZpnf1BfiITJrUKqlQSxF.GL2Ehhz.EOAakCuBZrzWokSM88z16ji', NULL, '0000-00-00 00:00:00', '0000-00-00 00:00:00'),
(98, 'Теодора', 'Радаљац', 'teodora', 'teodora@etf.bg.ac.rs', '0000-00-00 00:00:00', '$2y$10$hZpnf1BfiITJrUKqlQSxF.GL2Ehhz.EOAakCuBZrzWokSM88z16ji', NULL, '0000-00-00 00:00:00', '0000-00-00 00:00:00');

-- --------------------------------------------------------

--
-- Table structure for table `veze_za_grupe_za_biranje_predmeta`
--

CREATE TABLE `veze_za_grupe_za_biranje_predmeta` (
  `id` bigint(20) UNSIGNED NOT NULL,
  `created_at` timestamp NULL DEFAULT NULL,
  `updated_at` timestamp NULL DEFAULT NULL,
  `id_grupa1` int(11) NOT NULL,
  `id_grupa2` int(11) NOT NULL,
  `min` int(11) NOT NULL,
  `max` int(11) NOT NULL,
  `poruka` longtext NOT NULL
) ENGINE=InnoDB DEFAULT CHARSET=utf8mb4 COLLATE=utf8mb4_unicode_ci;

--
-- Dumping data for table `veze_za_grupe_za_biranje_predmeta`
--

INSERT INTO `veze_za_grupe_za_biranje_predmeta` (`id`, `created_at`, `updated_at`, `id_grupa1`, `id_grupa2`, `min`, `max`, `poruka`) VALUES
(1, NULL, NULL, 9, 10, 6, 6, 'Највише 6 кредита из група');

-- --------------------------------------------------------

--
-- Table structure for table `zgrade`
--

CREATE TABLE `zgrade` (
  `id` bigint(20) UNSIGNED NOT NULL,
  `created_at` timestamp NULL DEFAULT NULL,
  `updated_at` timestamp NULL DEFAULT NULL,
  `naziv_zgrade` varchar(255) NOT NULL,
  `adresa` varchar(255) DEFAULT NULL
) ENGINE=InnoDB DEFAULT CHARSET=utf8mb4 COLLATE=utf8mb4_unicode_ci;

--
-- Dumping data for table `zgrade`
--

INSERT INTO `zgrade` (`id`, `created_at`, `updated_at`, `naziv_zgrade`, `adresa`) VALUES
(1, NULL, NULL, 'Зграда техничких факултета', 'Булевар краља Александра 73, Београд'),
(2, NULL, NULL, 'Пословни клуб \"Лола\"', 'Булевар краља Александра 84, Београд'),
(3, NULL, NULL, 'Машински факултет', 'Краљице Марије 16'),
(4, NULL, NULL, 'Павиљон „Рашовић”', 'Булевар краља Александра 73, Београд');

-- --------------------------------------------------------

--
-- Table structure for table `zvanja`
--

CREATE TABLE `zvanja` (
  `id` bigint(20) UNSIGNED NOT NULL,
  `created_at` timestamp NULL DEFAULT NULL,
  `updated_at` timestamp NULL DEFAULT NULL,
  `naziv_zvanja` varchar(255) NOT NULL
) ENGINE=InnoDB DEFAULT CHARSET=utf8mb4 COLLATE=utf8mb4_unicode_ci;

--
-- Dumping data for table `zvanja`
--

INSERT INTO `zvanja` (`id`, `created_at`, `updated_at`, `naziv_zvanja`) VALUES
(1, NULL, NULL, 'редовни професор'),
(2, NULL, NULL, 'ванредни професор'),
(3, NULL, NULL, 'доцент'),
(4, NULL, NULL, 'асистент са докторатом'),
(5, NULL, NULL, 'асистент'),
(6, NULL, NULL, 'сарадник у настави');

--
-- Indexes for dumped tables
--

--
-- Indexes for table `dezurstva`
--
ALTER TABLE `dezurstva`
  ADD PRIMARY KEY (`id_dezurstva`);

--
-- Indexes for table `drze_se`
--
ALTER TABLE `drze_se`
  ADD PRIMARY KEY (`id`);

--
-- Indexes for table `failed_jobs`
--
ALTER TABLE `failed_jobs`
  ADD PRIMARY KEY (`id`),
  ADD UNIQUE KEY `failed_jobs_uuid_unique` (`uuid`);

--
-- Indexes for table `grupe_predmetnih_grupa_u_roku`
--
ALTER TABLE `grupe_predmetnih_grupa_u_roku`
  ADD PRIMARY KEY (`id`);

--
-- Indexes for table `grupe_za_biranje_predmeta`
--
ALTER TABLE `grupe_za_biranje_predmeta`
  ADD PRIMARY KEY (`id`);

--
-- Indexes for table `grupe_za_predmete`
--
ALTER TABLE `grupe_za_predmete`
  ADD PRIMARY KEY (`id`);

--
-- Indexes for table `ispitne_prijave`
--
ALTER TABLE `ispitne_prijave`
  ADD PRIMARY KEY (`id`);

--
-- Indexes for table `izbori_u_zvanje`
--
ALTER TABLE `izbori_u_zvanje`
  ADD PRIMARY KEY (`id`);

--
-- Indexes for table `migrations`
--
ALTER TABLE `migrations`
  ADD PRIMARY KEY (`id`);

--
-- Indexes for table `nastavnici`
--
ALTER TABLE `nastavnici`
  ADD UNIQUE KEY `id_korisnik` (`id_korisnik`);

--
-- Indexes for table `nastavnici_drze_grupe_predmeta`
--
ALTER TABLE `nastavnici_drze_grupe_predmeta`
  ADD PRIMARY KEY (`id`);

--
-- Indexes for table `nastavnik_drzi_termin_u_rasporedu`
--
ALTER TABLE `nastavnik_drzi_termin_u_rasporedu`
  ADD PRIMARY KEY (`id_termina_drzanje`);

--
-- Indexes for table `organizacione_aktivnosti`
--
ALTER TABLE `organizacione_aktivnosti`
  ADD PRIMARY KEY (`id`);

--
-- Indexes for table `organizacione_jedinice`
--
ALTER TABLE `organizacione_jedinice`
  ADD PRIMARY KEY (`id`);

--
-- Indexes for table `ostali_zaposleni`
--
ALTER TABLE `ostali_zaposleni`
  ADD PRIMARY KEY (`id`);

--
-- Indexes for table `ovlascenja`
--
ALTER TABLE `ovlascenja`
  ADD PRIMARY KEY (`id`);

--
-- Indexes for table `password_resets`
--
ALTER TABLE `password_resets`
  ADD KEY `password_resets_email_index` (`email`);

--
-- Indexes for table `personal_access_tokens`
--
ALTER TABLE `personal_access_tokens`
  ADD PRIMARY KEY (`id`),
  ADD UNIQUE KEY `personal_access_tokens_token_unique` (`token`),
  ADD KEY `personal_access_tokens_tokenable_type_tokenable_id_index` (`tokenable_type`,`tokenable_id`);

--
-- Indexes for table `predmeti`
--
ALTER TABLE `predmeti`
  ADD PRIMARY KEY (`sifra`);

--
-- Indexes for table `predmetna_grupa_postoji_u_roku`
--
ALTER TABLE `predmetna_grupa_postoji_u_roku`
  ADD PRIMARY KEY (`id`);

--
-- Indexes for table `predmetne_obaveze`
--
ALTER TABLE `predmetne_obaveze`
  ADD PRIMARY KEY (`id`);

--
-- Indexes for table `predmetni_spiskovi`
--
ALTER TABLE `predmetni_spiskovi`
  ADD PRIMARY KEY (`id`);

--
-- Indexes for table `predmet_pripada_grupi_za_biranje`
--
ALTER TABLE `predmet_pripada_grupi_za_biranje`
  ADD PRIMARY KEY (`id`);

--
-- Indexes for table `programi`
--
ALTER TABLE `programi`
  ADD PRIMARY KEY (`id`);

--
-- Indexes for table `prostorije`
--
ALTER TABLE `prostorije`
  ADD PRIMARY KEY (`id`);

--
-- Indexes for table `raspored_casova`
--
ALTER TABLE `raspored_casova`
  ADD PRIMARY KEY (`id_termina_u_rasporedu`);

--
-- Indexes for table `rokovi`
--
ALTER TABLE `rokovi`
  ADD PRIMARY KEY (`id`);

--
-- Indexes for table `sale_za_termine_za_predmetni_spisak`
--
ALTER TABLE `sale_za_termine_za_predmetni_spisak`
  ADD PRIMARY KEY (`id`);

--
-- Indexes for table `skolska_godina`
--
ALTER TABLE `skolska_godina`
  ADD PRIMARY KEY (`id`);

--
-- Indexes for table `slusanje`
--
ALTER TABLE `slusanje`
  ADD PRIMARY KEY (`id`),
  ADD UNIQUE KEY `id_drzanje` (`id_drzanje`,`id_upis`) USING BTREE;

--
-- Indexes for table `statuti`
--
ALTER TABLE `statuti`
  ADD PRIMARY KEY (`id`);

--
-- Indexes for table `studenti`
--
ALTER TABLE `studenti`
  ADD UNIQUE KEY `id_korisnika` (`id_korisnika`);

--
-- Indexes for table `termini_za_predmetni_spisak`
--
ALTER TABLE `termini_za_predmetni_spisak`
  ADD PRIMARY KEY (`id`);

--
-- Indexes for table `upisi`
--
ALTER TABLE `upisi`
  ADD PRIMARY KEY (`id`);

--
-- Indexes for table `uplate`
--
ALTER TABLE `uplate`
  ADD PRIMARY KEY (`id`);

--
-- Indexes for table `users`
--
ALTER TABLE `users`
  ADD PRIMARY KEY (`id`),
  ADD UNIQUE KEY `users_email_unique` (`email`);

--
-- Indexes for table `veze_za_grupe_za_biranje_predmeta`
--
ALTER TABLE `veze_za_grupe_za_biranje_predmeta`
  ADD PRIMARY KEY (`id`);

--
-- Indexes for table `zgrade`
--
ALTER TABLE `zgrade`
  ADD PRIMARY KEY (`id`);

--
-- Indexes for table `zvanja`
--
ALTER TABLE `zvanja`
  ADD PRIMARY KEY (`id`);

--
-- AUTO_INCREMENT for dumped tables
--

--
-- AUTO_INCREMENT for table `dezurstva`
--
ALTER TABLE `dezurstva`
  MODIFY `id_dezurstva` int(11) NOT NULL AUTO_INCREMENT, AUTO_INCREMENT=6;

--
-- AUTO_INCREMENT for table `drze_se`
--
ALTER TABLE `drze_se`
  MODIFY `id` bigint(20) UNSIGNED NOT NULL AUTO_INCREMENT, AUTO_INCREMENT=157;

--
-- AUTO_INCREMENT for table `failed_jobs`
--
ALTER TABLE `failed_jobs`
  MODIFY `id` bigint(20) UNSIGNED NOT NULL AUTO_INCREMENT;

--
-- AUTO_INCREMENT for table `grupe_predmetnih_grupa_u_roku`
--
ALTER TABLE `grupe_predmetnih_grupa_u_roku`
  MODIFY `id` int(11) NOT NULL AUTO_INCREMENT, AUTO_INCREMENT=11;

--
-- AUTO_INCREMENT for table `grupe_za_biranje_predmeta`
--
ALTER TABLE `grupe_za_biranje_predmeta`
  MODIFY `id` bigint(20) UNSIGNED NOT NULL AUTO_INCREMENT, AUTO_INCREMENT=15;

--
-- AUTO_INCREMENT for table `grupe_za_predmete`
--
ALTER TABLE `grupe_za_predmete`
  MODIFY `id` bigint(20) UNSIGNED NOT NULL AUTO_INCREMENT, AUTO_INCREMENT=241;

--
-- AUTO_INCREMENT for table `ispitne_prijave`
--
ALTER TABLE `ispitne_prijave`
  MODIFY `id` bigint(20) UNSIGNED NOT NULL AUTO_INCREMENT, AUTO_INCREMENT=84;

--
-- AUTO_INCREMENT for table `izbori_u_zvanje`
--
ALTER TABLE `izbori_u_zvanje`
  MODIFY `id` bigint(20) UNSIGNED NOT NULL AUTO_INCREMENT, AUTO_INCREMENT=95;

--
-- AUTO_INCREMENT for table `migrations`
--
ALTER TABLE `migrations`
  MODIFY `id` int(10) UNSIGNED NOT NULL AUTO_INCREMENT, AUTO_INCREMENT=38;

--
-- AUTO_INCREMENT for table `nastavnici_drze_grupe_predmeta`
--
ALTER TABLE `nastavnici_drze_grupe_predmeta`
  MODIFY `id` bigint(20) UNSIGNED NOT NULL AUTO_INCREMENT, AUTO_INCREMENT=497;

--
-- AUTO_INCREMENT for table `nastavnik_drzi_termin_u_rasporedu`
--
ALTER TABLE `nastavnik_drzi_termin_u_rasporedu`
  MODIFY `id_termina_drzanje` int(11) NOT NULL AUTO_INCREMENT, AUTO_INCREMENT=39;

--
-- AUTO_INCREMENT for table `organizacione_aktivnosti`
--
ALTER TABLE `organizacione_aktivnosti`
  MODIFY `id` bigint(20) UNSIGNED NOT NULL AUTO_INCREMENT, AUTO_INCREMENT=2;

--
-- AUTO_INCREMENT for table `organizacione_jedinice`
--
ALTER TABLE `organizacione_jedinice`
  MODIFY `id` bigint(20) UNSIGNED NOT NULL AUTO_INCREMENT, AUTO_INCREMENT=14;

--
-- AUTO_INCREMENT for table `ostali_zaposleni`
--
ALTER TABLE `ostali_zaposleni`
  MODIFY `id` int(11) NOT NULL AUTO_INCREMENT, AUTO_INCREMENT=3;

--
-- AUTO_INCREMENT for table `ovlascenja`
--
ALTER TABLE `ovlascenja`
  MODIFY `id` bigint(20) UNSIGNED NOT NULL AUTO_INCREMENT, AUTO_INCREMENT=11;

--
-- AUTO_INCREMENT for table `personal_access_tokens`
--
ALTER TABLE `personal_access_tokens`
  MODIFY `id` bigint(20) UNSIGNED NOT NULL AUTO_INCREMENT;

--
-- AUTO_INCREMENT for table `predmetna_grupa_postoji_u_roku`
--
ALTER TABLE `predmetna_grupa_postoji_u_roku`
  MODIFY `id` bigint(20) UNSIGNED NOT NULL AUTO_INCREMENT, AUTO_INCREMENT=50;

--
-- AUTO_INCREMENT for table `predmetne_obaveze`
--
ALTER TABLE `predmetne_obaveze`
  MODIFY `id` bigint(20) UNSIGNED NOT NULL AUTO_INCREMENT, AUTO_INCREMENT=151;

--
-- AUTO_INCREMENT for table `predmetni_spiskovi`
--
ALTER TABLE `predmetni_spiskovi`
  MODIFY `id` bigint(20) UNSIGNED NOT NULL AUTO_INCREMENT, AUTO_INCREMENT=2;

--
-- AUTO_INCREMENT for table `predmet_pripada_grupi_za_biranje`
--
ALTER TABLE `predmet_pripada_grupi_za_biranje`
  MODIFY `id` bigint(20) UNSIGNED NOT NULL AUTO_INCREMENT, AUTO_INCREMENT=123;

--
-- AUTO_INCREMENT for table `programi`
--
ALTER TABLE `programi`
  MODIFY `id` bigint(20) UNSIGNED NOT NULL AUTO_INCREMENT, AUTO_INCREMENT=4;

--
-- AUTO_INCREMENT for table `prostorije`
--
ALTER TABLE `prostorije`
  MODIFY `id` bigint(20) UNSIGNED NOT NULL AUTO_INCREMENT, AUTO_INCREMENT=15;

--
-- AUTO_INCREMENT for table `raspored_casova`
--
ALTER TABLE `raspored_casova`
  MODIFY `id_termina_u_rasporedu` int(11) NOT NULL AUTO_INCREMENT, AUTO_INCREMENT=25;

--
-- AUTO_INCREMENT for table `rokovi`
--
ALTER TABLE `rokovi`
  MODIFY `id` bigint(20) UNSIGNED NOT NULL AUTO_INCREMENT, AUTO_INCREMENT=7;

--
-- AUTO_INCREMENT for table `sale_za_termine_za_predmetni_spisak`
--
ALTER TABLE `sale_za_termine_za_predmetni_spisak`
  MODIFY `id` bigint(20) UNSIGNED NOT NULL AUTO_INCREMENT, AUTO_INCREMENT=2;

--
-- AUTO_INCREMENT for table `skolska_godina`
--
ALTER TABLE `skolska_godina`
  MODIFY `id` bigint(20) UNSIGNED NOT NULL AUTO_INCREMENT, AUTO_INCREMENT=6;

--
-- AUTO_INCREMENT for table `slusanje`
--
ALTER TABLE `slusanje`
  MODIFY `id` bigint(20) UNSIGNED NOT NULL AUTO_INCREMENT, AUTO_INCREMENT=1984;

--
-- AUTO_INCREMENT for table `statuti`
--
ALTER TABLE `statuti`
  MODIFY `id` bigint(20) UNSIGNED NOT NULL AUTO_INCREMENT, AUTO_INCREMENT=3;

--
-- AUTO_INCREMENT for table `termini_za_predmetni_spisak`
--
ALTER TABLE `termini_za_predmetni_spisak`
  MODIFY `id` bigint(20) UNSIGNED NOT NULL AUTO_INCREMENT, AUTO_INCREMENT=2;

--
-- AUTO_INCREMENT for table `upisi`
--
ALTER TABLE `upisi`
  MODIFY `id` bigint(20) UNSIGNED NOT NULL AUTO_INCREMENT, AUTO_INCREMENT=11;

--
-- AUTO_INCREMENT for table `uplate`
--
ALTER TABLE `uplate`
  MODIFY `id` bigint(20) UNSIGNED NOT NULL AUTO_INCREMENT, AUTO_INCREMENT=13;

--
-- AUTO_INCREMENT for table `users`
--
ALTER TABLE `users`
  MODIFY `id` bigint(20) UNSIGNED NOT NULL AUTO_INCREMENT, AUTO_INCREMENT=99;

--
-- AUTO_INCREMENT for table `veze_za_grupe_za_biranje_predmeta`
--
ALTER TABLE `veze_za_grupe_za_biranje_predmeta`
  MODIFY `id` bigint(20) UNSIGNED NOT NULL AUTO_INCREMENT, AUTO_INCREMENT=2;

--
-- AUTO_INCREMENT for table `zgrade`
--
ALTER TABLE `zgrade`
  MODIFY `id` bigint(20) UNSIGNED NOT NULL AUTO_INCREMENT, AUTO_INCREMENT=5;

--
-- AUTO_INCREMENT for table `zvanja`
--
ALTER TABLE `zvanja`
  MODIFY `id` bigint(20) UNSIGNED NOT NULL AUTO_INCREMENT, AUTO_INCREMENT=7;

--
-- Constraints for dumped tables
--

--
-- Constraints for table `studenti`
--
ALTER TABLE `studenti`
  ADD CONSTRAINT `studenti_ibfk_1` FOREIGN KEY (`id_korisnika`) REFERENCES `users` (`id`);
COMMIT;

/*!40101 SET CHARACTER_SET_CLIENT=@OLD_CHARACTER_SET_CLIENT */;
/*!40101 SET CHARACTER_SET_RESULTS=@OLD_CHARACTER_SET_RESULTS */;
/*!40101 SET COLLATION_CONNECTION=@OLD_COLLATION_CONNECTION */;
